004012d4	CloseHandle	6
004012dc	CreateFileA	6
004012e4	GetFileType	6
004012ec	GetFileSize	6
004012f4	GetStdHandle	6
00401304	ReadFile	6
00401314	SetEndOfFile	6
0040131c	SetFilePointer	6
00401324	UnhandledExceptionFilter	6
0040132c	WriteFile	6
00401334	CharNextA	6
0040133c	CreateThread	6
00401344	ExitThread	6
0040134c	ExitProcess	6
00401354	MessageBoxA	6
0040135c	FindClose	6
00401364	FindFirstFileA	6
0040136c	FreeLibrary	6
00401374	GetCommandLineA	6
0040137c	GetLastError	6
00401384	GetLocaleInfoA	6
0040138c	GetModuleFileNameA	6
00401394	GetModuleHandleA	6
0040139c	GetProcAddress	6
004013a4	GetStartupInfoA	6
004013ac	GetThreadLocale	6
004013b4	LoadLibraryExA	6
004013bc	LoadStringA	6
004013c4	lstrcpynA	6
004013cc	lstrlenA	6
004013d4	MultiByteToWideChar	6
004013dc	RegCloseKey	6
004013e4	RegOpenKeyExA	6
004013ec	RegQueryValueExA	6
004013f4	WideCharToMultiByte	6
004013fc	VirtualQuery	6
00401404	SysAllocStringLen	6
0040140c	SysReAllocStringLen	6
00401414	SysFreeString	6
0040141c	InterlockedIncrement	6
00401424	InterlockedDecrement	6
0040142c	GetCurrentThreadId	6
00401434	GetVersion	6
0040143c	QueryPerformanceCounter	6
00401444	GetTickCount	6
0040144c	FUN_0040144c	34
00401470	LocalAlloc	6
00401478	LocalFree	6
00401480	VirtualAlloc	6
00401488	VirtualFree	6
00401490	InitializeCriticalSection	6
00401498	EnterCriticalSection	6
004014a0	LeaveCriticalSection	6
004014a8	DeleteCriticalSection	6
004014b0	FUN_004014b0	79
00401500	FUN_00401500	6
00401508	FUN_00401508	48
00401538	FUN_00401538	24
00401550	FUN_00401550	112
004015c0	FUN_004015c0	147
00401654	FUN_00401654	99
004016b8	FUN_004016b8	119
00401730	FUN_00401730	184
004017e8	FUN_004017e8	146
0040187c	FUN_0040187c	125
004018fc	FUN_004018fc	142
0040198c	FUN_0040198c	291
00401ab0	FUN_00401ab0	140
00401b3c	FUN_00401b3c	182
00401c00	FUN_00401c00	217
00401ce0	FUN_00401ce0	97
00401d44	FUN_00401d44	47
00401d74	FUN_00401d74	48
00401da4	FUN_00401da4	34
00401dc8	FUN_00401dc8	40
00401df0	FUN_00401df0	109
00401e60	FUN_00401e60	56
00401e98	FUN_00401e98	173
00401f48	FUN_00401f48	133
00401fd0	FUN_00401fd0	74
0040201c	FUN_0040201c	137
004020a8	FUN_004020a8	43
004020d4	FUN_004020d4	49
00402108	FUN_00402108	44
00402134	FUN_00402134	244
00402228	FUN_00402228	390
004023b8	FUN_004023b8	411
0040255c	FUN_0040255c	474
00402738	FUN_00402738	186
004027fc	FUN_004027fc	32
0040281c	FUN_0040281c	32
0040283c	FUN_0040283c	77
0040288c	FUN_0040288c	32
004028ac	FUN_004028ac	32
00402900	FUN_00402900	12
0040290c	FUN_0040290c	74
00402958	FUN_00402958	11
00402964	FUN_00402964	28
00402984	FUN_00402984	16
00402994	FUN_00402994	11
004029a0	FUN_004029a0	64
004029e4	FUN_004029e4	29
00402a04	FUN_00402a04	64
00402a44	FUN_00402a44	234
00402b30	FUN_00402b30	94
00402b90	FUN_00402b90	37
00402bb8	FUN_00402bb8	11
00402bc4	FUN_00402bc4	15
00402bd4	FUN_00402bd4	7
00402bdc	FUN_00402bdc	13
00402bec	FUN_00402bec	23
00402c04	FUN_00402c04	13
00402c14	FUN_00402c14	36
00402c38	FUN_00402c38	10
00402c44	FUN_00402c44	34
00402c68	FUN_00402c68	25
00402d00	FUN_00402d00	15
00402d10	FUN_00402d10	31
00402edc	FUN_00402edc	101
00402f44	FUN_00402f44	69
00402f8c	FUN_00402f8c	9
00402fa0	FUN_00402fa0	140
0040302c	FUN_0040302c	30
0040304c	FUN_0040304c	86
004030a4	FUN_004030a4	47
004030d4	FUN_004030d4	12
004030e0	FUN_004030e0	27
004030fc	FUN_004030fc	130
00403180	FUN_00403180	111
004031f0	FUN_004031f0	28
0040320c	FUN_0040320c	77
0040325c	FUN_0040325c	73
004032a8	FUN_004032a8	31
004032c8	FUN_004032c8	26
0040330c	FUN_0040330c	221
004033ec	FUN_004033ec	28
00403408	FUN_00403408	51
0040343c	FUN_0040343c	209
00403510	FUN_00403510	11
0040351c	FUN_0040351c	35
00403540	FUN_00403540	34
00403564	FUN_00403564	86
004035bc	FUN_004035bc	17
004035d0	thunk_FUN_004035d8	5
004035d8	FUN_004035d8	169
004038bc	GetKeyboardType	6
004038c4	FUN_004038c4	47
004038f4	FUN_004038f4	144
004039b8	FUN_004039b8	10
004039c4	thunk_FUN_00402958	7
004039cc	FUN_004039cc	7
004039d4	FUN_004039d4	17
004039e8	FUN_004039e8	39
00403a10	FUN_00403a10	10
00403a1c	FUN_00403a1c	26
00403a38	FUN_00403a38	19
00403a4c	FUN_00403a4c	6
00403a54	FUN_00403a54	32
00403a74	FUN_00403a74	15
00403a84	FUN_00403a84	12
00403a90	FUN_00403a90	86
00403ae8	FUN_00403ae8	32
00403b08	FUN_00403b08	44
00403b38	FUN_00403b38	132
00403bcc	FUN_00403bcc	68
00403c10	FUN_00403c10	33
00403c34	FUN_00403c34	27
00403c50	FUN_00403c50	46
00403c80	FUN_00403c80	21
00403c98	FUN_00403c98	22
00403cb0	thunk_FUN_00403cb4	2
00403cb4	FUN_00403cb4	17
00403cc4	FUN_00403cc4	6
00403ccc	FUN_00403ccc	6
00403cd4	FUN_00403cd4	1
00403cd8	FUN_00403cd8	1
00403cdc	FUN_00403cdc	1
00403d08	FUN_00403d08	78
00403d58	FUN_00403d58	64
00403d98	FUN_00403d98	80
00403de8	FUN_00403de8	41
00403e38	FUN_00403e38	6
00403e40	FUN_00403e40	14
00403e50	FUN_00403e50	15
00403e7c	FUN_00403e7c	33
00403ea0	FUN_00403ea0	21
00403eb8	FUN_00403eb8	19
00403ecc	FUN_00403ecc	17
00403ee0	FUN_00403ee0	30
00403f00	FUN_00403f00	39
00403f44	FUN_00403f44	30
00403f64	FUN_00403f64	266
00404090	FUN_00404090	358
00404218	FUN_00404218	54
00404250	FUN_00404250	39
004042fc	FUN_004042fc	21
00404454	FUN_00404454	29
00404474	FUN_00404474	40
0040449c	FUN_0040449c	75
004044fc	FUN_004044fc	75
0040455c	FUN_0040455c	64
0040459c	FUN_0040459c	36
004045c0	FUN_004045c0	37
004045e8	FUN_004045e8	36
0040460c	FUN_0040460c	26
00404628	FUN_00404628	90
00404684	FUN_00404684	45
004046b4	FUN_004046b4	127
00404740	FUN_00404740	211
00404818	FUN_00404818	11
00404824	FUN_00404824	11
00404830	FUN_00404830	31
00404850	FUN_00404850	54
00404888	FUN_00404888	66
004048cc	FUN_004048cc	6
004048d4	FUN_004048d4	35
004048f8	FUN_004048f8	47
00404928	FUN_00404928	67
0040496c	FUN_0040496c	41
00404998	FUN_00404998	43
004049c4	FUN_004049c4	46
004049f4	FUN_004049f4	31
00404a14	FUN_00404a14	27
00404a30	FUN_00404a30	140
00404abc	FUN_00404abc	15
00404acc	FUN_00404acc	15
00404adc	FUN_00404adc	44
00404b0c	FUN_00404b0c	56
00404b48	FUN_00404b48	10
00404b54	FUN_00404b54	23
00404b6c	FUN_00404b6c	16
00404b80	FUN_00404b80	34
00404ba4	FUN_00404ba4	8
00404bac	FUN_00404bac	68
00404bf0	FUN_00404bf0	48
00404c12	FUN_00404c12	67
00404c64	FUN_00404c64	137
00404cf0	FUN_00404cf0	162
00404d94	FUN_00404d94	15
00404da4	FUN_00404da4	11
00404db0	FUN_00404db0	65
00404df4	thunk_FUN_00404db0	5
00404dfc	thunk_FUN_00404db0	5
00404e04	FUN_00404e04	63
00404e44	FUN_00404e44	72
00404e8c	FUN_00404e8c	91
00404ee8	FUN_00404ee8	69
00404f30	FUN_00404f30	98
00404f94	FUN_00404f94	42
00404fc8	FUN_00404fc8	21
00404fe0	FUN_00404fe0	13
00404ff0	FUN_00404ff0	21
00405008	FUN_00405008	33
0040502c	FUN_0040502c	43
00405050	thunk_FUN_0040502c	5
00405058	FUN_00405058	138
004050e4	FUN_004050e4	35
00405108	FUN_00405108	15
00405118	FUN_00405118	15
00405128	FUN_00405128	44
00405158	FUN_00405158	56
00405194	FUN_00405194	10
004051a0	FUN_004051a0	23
004051b8	FUN_004051b8	24
004051d4	FUN_004051d4	14
004051e4	FUN_004051e4	107
00405250	FUN_00405250	11
00405260	FUN_00405260	10
0040526c	FUN_0040526c	95
004052cc	FUN_004052cc	100
00405330	FUN_00405330	71
00405378	FUN_00405378	129
004053fc	FUN_004053fc	73
00405448	FUN_00405448	141
004054d8	FUN_004054d8	154
00405574	FUN_00405574	80
004055c4	FUN_004055c4	65
00405608	FUN_00405608	31
00405628	FUN_00405628	47
00405658	FUN_00405658	147
004056ec	FUN_004056ec	10
004056f8	FUN_004056f8	49
0040572c	FUN_0040572c	24
00405744	FUN_00405744	234
00405830	FUN_00405830	10
0040583c	FUN_0040583c	47
0040586c	FUN_0040586c	24
00405884	FUN_00405884	191
00405944	FUN_00405944	24
0040595c	FUN_0040595c	282
00405a78	FUN_00405a78	242
00405b6c	FUN_00405b6c	19
00405b80	FUN_00405b80	13
00405b90	FUN_00405b90	9
00405b9c	FUN_00405b9c	48
00405bcc	FUN_00405bcc	33
00405bf0	FUN_00405bf0	33
00405c1c	FUN_00405c1c	35
00405c40	FUN_00405c40	120
00405cbc	FUN_00405cbc	559
00405eec	FUN_00405eec	8
00405ef4	FUN_00405ef4	7
00405efc	FUN_00405efc	15
00405f0c	thunk_FUN_00405744	5
00405f14	FUN_00405f14	6
00405f1c	FUN_00405f1c	396
004060a8	FUN_004060a8	11
004060b4	FUN_004060b4	32
004060d4	FUN_004060d4	243
004061c8	FUN_004061c8	58
00406204	FUN_00406204	39
0040622c	FUN_0040622c	9
00406238	FUN_00406238	38
00406260	FUN_00406260	6
00406268	FUN_00406268	71
004062b0	FUN_004062b0	40
004062d8	thunk_FUN_004062e0	2
004062e0	FUN_004062e0	18
004062ec	FUN_004062ec	404
004064a4	FUN_004064a4	551
00406714	FUN_00406714	6
0040671c	FUN_0040671c	6
00406724	FUN_00406724	31
00406744	FUN_00406744	94
004067a4	FUN_004067a4	80
00406800	FUN_00406800	14
00406810	FUN_00406810	100
00406880	FUN_00406880	21
00406898	FUN_00406898	44
004068c4	FUN_004068c4	48
004068f4	FUN_004068f4	11
00406968	FUN_00406968	40
00406990	FUN_00406990	220
00406a6c	FUN_00406a6c	309
00406ba4	FUN_00406ba4	159
00406c50	FUN_00406c50	151
00406cf4	FUN_00406cf4	67
00406d44	FUN_00406d44	86
00406d9c	FUN_00406d9c	102
00406f38	GetModuleHandleA	6
00406f40	LocalAlloc	6
00406f48	TlsGetValue	6
00406f50	TlsSetValue	6
00406f58	FUN_00406f58	9
00406f64	FUN_00406f64	6
00406f6c	FUN_00406f6c	68
00406fb0	FUN_00406fb0	64
00406ff0	FUN_00406ff0	11
00406ffc	FUN_00406ffc	65
00407078	FUN_00407078	36
0040709c	FUN_0040709c	26
004070b8	FUN_004070b8	6
004070c0	FUN_004070c0	33
00407144	FUN_00407144	21
0040715c	FUN_0040715c	21
00407174	FUN_00407174	28
00407190	FUN_00407190	41
004072c0	RegCloseKey	6
004072c8	RegCreateKeyExA	6
004072d0	RegFlushKey	6
004072d8	RegOpenKeyExA	6
004072e0	RegQueryValueExA	6
004072e8	RegSetValueExA	6
004072f0	CloseHandle	6
004072f8	CompareStringA	6
00407300	CompareStringA	6
00407308	CompareStringW	6
00407310	CreateEventA	6
00407318	CreateFileA	6
00407320	CreateFileA	6
00407328	CreateFileW	6
00407330	CreateThread	6
00407338	DeleteCriticalSection	6
00407340	DeleteFileA	6
00407348	EnterCriticalSection	6
00407350	EnumCalendarInfoA	6
00407358	FileTimeToDosDateTime	6
00407360	FileTimeToLocalFileTime	6
00407368	FindClose	6
00407370	FindFirstFileA	6
00407378	FindFirstFileA	6
00407380	FindFirstFileW	6
00407388	FindNextFileA	6
00407390	FindResourceA	6
00407398	FormatMessageA	6
004073a0	FormatMessageA	6
004073a8	FormatMessageW	6
004073b0	FreeLibrary	6
004073b8	InterlockedDecrement	6
004073c0	InterlockedExchange	6
004073c8	InterlockedIncrement	6
004073d0	FreeResource	6
004073d8	GetACP	6
004073e0	GetCPInfo	6
004073e8	GetCommandLineW	6
004073f0	GetComputerNameA	6
004073f8	GetCurrentProcess	6
00407400	GetCurrentProcessId	6
00407408	GetCurrentThreadId	6
00407410	GetDateFormatA	6
00407418	GetDiskFreeSpaceA	6
00407420	GetExitCodeThread	6
00407428	GetFileAttributesA	6
00407430	GetFullPathNameA	6
00407438	GetFullPathNameA	6
00407440	GetFullPathNameW	6
00407448	GetLastError	6
00407450	GetLocalTime	6
00407458	GetLocaleInfoA	6
00407460	GetModuleFileNameA	6
00407468	GetModuleFileNameA	6
00407470	GetModuleFileNameW	6
00407478	GetModuleHandleA	6
00407480	GetPrivateProfileStringA	6
00407488	GetProcAddress	6
00407490	GetProfileStringA	6
00407498	GetStdHandle	6
004074a0	GetStringTypeExA	6
004074a8	GetSystemDirectoryA	6
004074b0	GetSystemInfo	6
004074b8	GetThreadLocale	6
004074c0	GetTickCount	6
004074c8	GetUserDefaultLCID	6
004074d0	GetVersion	6
004074d8	GetVersionExA	6
004074e0	GlobalAddAtomA	6
004074e8	GlobalAlloc	6
004074f0	GlobalDeleteAtom	6
004074f8	GlobalFindAtomA	6
00407500	GlobalFree	6
00407508	GlobalLock	6
00407510	GlobalHandle	6
00407518	GlobalReAlloc	6
00407520	GlobalSize	6
00407528	GlobalUnlock	6
00407530	InitializeCriticalSection	6
00407538	LeaveCriticalSection	6
00407540	LoadLibraryA	6
00407548	LoadLibraryA	6
00407550	LoadLibraryW	6
00407558	LoadResource	6
00407560	LockResource	6
00407568	MulDiv	6
00407570	MultiByteToWideChar	6
00407578	ReadFile	6
00407580	ResetEvent	6
00407588	ResumeThread	6
00407590	SetEndOfFile	6
00407598	SetErrorMode	6
004075a0	SetEvent	6
004075a8	SetFilePointer	6
004075b0	SetLastError	6
004075b8	SetProcessWorkingSetSize	6
004075c0	SetThreadLocale	6
004075c8	SetThreadPriority	6
004075d0	SizeofResource	6
004075d8	Sleep	6
004075e0	VirtualAlloc	6
004075e8	VirtualProtect	6
004075f0	VirtualQuery	6
004075f8	WaitForSingleObject	6
00407600	WideCharToMultiByte	6
00407608	WriteFile	6
00407610	WritePrivateProfileStringA	6
00407618	lstrcmpA	6
00407620	lstrcpyA	6
00407628	GetFileVersionInfoA	6
00407630	GetFileVersionInfoSizeA	6
00407638	VerQueryValueA	6
00407640	BitBlt	6
00407648	CloseEnhMetaFile	6
00407650	CombineRgn	6
00407658	CopyEnhMetaFileA	6
00407660	CreateBitmap	6
00407668	CreateBrushIndirect	6
00407670	CreateCompatibleBitmap	6
00407678	CreateCompatibleDC	6
00407688	CreateDIBSection	6
00407690	CreateDIBitmap	6
00407698	CreateEllipticRgn	6
004076a0	CreateEnhMetaFileA	6
004076a8	CreateFontIndirectA	6
004076b0	CreateHalftonePalette	6
004076c0	CreatePalette	6
004076c8	CreatePenIndirect	6
004076d0	CreatePolygonRgn	6
004076d8	CreateRectRgn	6
004076e0	CreateRectRgnIndirect	6
004076e8	CreateSolidBrush	6
004076f0	DeleteDC	6
004076f8	DeleteEnhMetaFile	6
00407700	DeleteObject	6
00407708	Ellipse	6
00407710	EndDoc	6
00407718	EndPage	6
00407720	EnumFontFamiliesExA	6
00407728	ExcludeClipRect	6
00407730	ExtTextOutA	6
00407738	GdiFlush	6
00407740	GetBitmapBits	6
00407748	GetBrushOrgEx	6
00407750	GetClipBox	6
00407758	GetCurrentPositionEx	6
00407760	GetDCOrgEx	6
00407768	GetDIBColorTable	6
00407770	GetDIBits	6
00407778	GetDeviceCaps	6
00407780	GetEnhMetaFileBits	6
00407788	GetEnhMetaFileDescriptionA	6
00407790	GetEnhMetaFileHeader	6
00407798	GetEnhMetaFilePaletteEntries	6
004077a0	GetNearestPaletteIndex	6
004077a8	GetObjectA	6
004077b0	GetObjectType	6
004077b8	GetPaletteEntries	6
004077c0	GetPixel	6
004077c8	GetStockObject	6
004077d0	GetSystemPaletteEntries	6
004077d8	GetTextExtentExPointA	6
004077e0	GetTextExtentPoint32A	6
004077e8	GetTextExtentPoint32W	6
004077f0	GetTextExtentPointA	6
004077f8	GetTextExtentPointW	6
00407800	GetTextMetricsA	6
00407808	GetViewportOrgEx	6
00407810	GetWinMetaFileBits	6
00407818	GetWindowOrgEx	6
00407820	IntersectClipRect	6
00407828	LPtoDP	6
00407830	LineTo	6
00407838	MaskBlt	6
00407840	MoveToEx	6
00407848	PatBlt	6
00407850	Pie	6
00407858	PlayEnhMetaFile	6
00407860	Polygon	6
00407868	Polyline	6
00407870	RealizePalette	6
00407878	RectVisible	6
00407880	Rectangle	6
00407888	ResizePalette	6
00407890	RestoreDC	6
00407898	RoundRect	6
004078a0	SaveDC	6
004078a8	SelectClipRgn	6
004078b0	SelectObject	6
004078b8	SelectPalette	6
004078c0	SetAbortProc	6
004078c8	SetBkColor	6
004078d0	SetBkMode	6
004078d8	SetBrushOrgEx	6
004078e0	SetDIBColorTable	6
004078e8	SetEnhMetaFileBits	6
004078f0	SetMapMode	6
004078f8	SetPaletteEntries	6
00407900	SetPixel	6
00407908	SetROP2	6
00407910	SetStretchBltMode	6
00407918	SetTextColor	6
00407920	SetViewportOrgEx	6
00407928	SetWinMetaFileBits	6
00407930	SetWindowOrgEx	6
00407938	StartDocA	6
00407940	StartPage	6
00407948	StretchBlt	6
00407950	StretchDIBits	6
00407958	UnrealizeObject	6
00407960	ActivateKeyboardLayout	6
00407968	AdjustWindowRectEx	6
00407970	CharLowerA	6
00407978	BeginPaint	6
00407980	CallNextHookEx	6
00407988	CallWindowProcA	6
00407990	CallWindowProcW	6
00407998	CharLowerBuffA	6
004079a0	CharNextA	6
004079a8	CharToOemA	6
004079b0	CharUpperA	6
004079b8	CharUpperW	6
004079c0	CharUpperBuffA	6
004079c8	CharUpperBuffW	6
004079d0	CheckMenuItem	6
004079e0	ClientToScreen	6
004079e8	CloseClipboard	6
004079f0	CopyImage	6
004079f8	CreateIcon	6
00407a00	CreateMenu	6
00407a08	CreatePopupMenu	6
00407a10	DefFrameProcA	6
00407a20	DefWindowProcA	6
00407a28	DefWindowProcW	6
00407a30	DeleteMenu	6
00407a38	DestroyCaret	6
00407a40	DestroyCursor	6
00407a48	DestroyIcon	6
00407a50	DestroyMenu	6
00407a58	DestroyWindow	6
00407a60	DispatchMessageA	6
00407a68	DispatchMessageW	6
00407a70	DrawEdge	6
00407a78	DrawFocusRect	6
00407a80	DrawFrameControl	6
00407a88	DrawIcon	6
00407a90	DrawIconEx	6
00407a98	DrawMenuBar	6
00407aa0	DrawTextA	6
00407aa8	DrawTextA	6
00407ab0	DrawTextW	6
00407ab8	DrawTextExA	6
00407ac0	DrawTextExW	6
00407ac8	EmptyClipboard	6
00407ad0	EnableMenuItem	6
00407ad8	EnableScrollBar	6
00407ae0	EnableWindow	6
00407ae8	EndPaint	6
00407af0	EnumClipboardFormats	6
00407af8	EnumThreadWindows	6
00407b00	EnumWindows	6
00407b08	EqualRect	6
00407b10	FillRect	6
00407b18	FindWindowA	6
00407b20	FrameRect	6
00407b28	GetActiveWindow	6
00407b30	GetCapture	6
00407b38	GetClassInfoA	6
00407b40	GetClassInfoW	6
00407b48	GetClassNameA	6
00407b50	GetClassNameW	6
00407b58	GetClientRect	6
00407b60	GetClipboardData	6
00407b68	GetCursor	6
00407b70	GetCursorPos	6
00407b78	GetDC	6
00407b80	GetDCEx	6
00407b88	GetDesktopWindow	6
00407b90	GetFocus	6
00407b98	GetForegroundWindow	6
00407ba0	GetIconInfo	6
00407ba8	GetKeyNameTextA	6
00407bb0	GetKeyNameTextW	6
00407bb8	GetKeyState	6
00407bc0	GetKeyboardLayout	6
00407bc8	GetKeyboardLayoutList	6
00407bd0	GetKeyboardState	6
00407bd8	GetLastActivePopup	6
00407be0	GetMenu	6
00407be8	GetMenuItemCount	6
00407bf0	GetMenuItemID	6
00407bf8	GetMenuItemInfoA	6
00407c00	GetMenuItemInfoW	6
00407c08	GetMenuState	6
00407c10	GetMenuStringA	6
00407c18	GetMenuStringW	6
00407c28	GetMessageTime	6
00407c30	GetWindow	6
00407c38	GetParent	6
00407c40	GetPropA	6
00407c48	GetScrollInfo	6
00407c50	GetScrollPos	6
00407c60	GetSubMenu	6
00407c68	GetSysColor	6
00407c78	GetSystemMenu	6
00407c80	GetSystemMetrics	6
00407c88	GetTopWindow	6
00407c98	GetWindow	6
00407ca0	GetWindowDC	6
00407ca8	GetWindowLongA	6
00407cb0	GetWindowLongW	6
00407cb8	GetWindowPlacement	6
00407cc0	GetWindowRect	6
00407cc8	GetWindowTextA	6
00407cd0	GetWindowTextW	6
00407cd8	GetWindowTextLengthW	6
00407ce0	GetWindowThreadProcessId	6
00407ce8	GetWindowThreadProcessId	6
00407cf0	InflateRect	6
00407cf8	InsertMenuA	6
00407d00	InsertMenuItemA	6
00407d08	IntersectRect	6
00407d10	InvalidateRect	6
00407d18	IsChild	6
00407d28	IsDialogMessageA	6
00407d30	IsDialogMessageA	6
00407d38	IsDialogMessageW	6
00407d40	IsIconic	6
00407d48	IsRectEmpty	6
00407d50	IsWindow	6
00407d58	IsWindowEnabled	6
00407d60	IsWindowUnicode	6
00407d68	IsWindowVisible	6
00407d78	KillTimer	6
00407d80	LoadBitmapA	6
00407d88	LoadCursorA	6
00407d90	LoadIconA	6
00407da0	LoadStringA	6
00407da8	MapVirtualKeyA	6
00407db0	MapVirtualKeyW	6
00407db8	MapWindowPoints	6
00407dc0	MessageBeep	6
00407dc8	MessageBoxA	6
00407dd0	MoveWindow	6
00407dd8	MsgWaitForMultipleObjects	6
00407de0	OemToCharA	6
00407de8	OffsetRect	6
00407df0	OpenClipboard	6
00407df8	PeekMessageA	6
00407e00	PostMessageA	6
00407e08	PostMessageW	6
00407e10	PostQuitMessage	6
00407e18	PtInRect	6
00407e20	RedrawWindow	6
00407e28	RegisterClassA	6
00407e30	RegisterClassW	6
00407e38	RegisterClipboardFormatA	6
00407e40	RegisterWindowMessageA	6
00407e48	ReleaseCapture	6
00407e50	ReleaseDC	6
00407e58	RemoveMenu	6
00407e68	ScreenToClient	6
00407e70	ScrollWindow	6
00407e78	ScrollWindowEx	6
00407e80	SendMessageA	6
00407e88	SendMessageA	6
00407e90	SendMessageW	6
00407e98	SetActiveWindow	6
00407ea0	SetCapture	6
00407ea8	SetClassLongA	6
00407eb0	SetClipboardData	6
00407eb8	SetCursor	6
00407ec0	SetFocus	6
00407ec8	SetForegroundWindow	6
00407ed0	SetMenu	6
00407ed8	SetMenuItemInfoA	6
00407ee0	SetMenuItemInfoW	6
00407ee8	SetParent	6
00407ef0	SetPropA	6
00407ef8	SetRect	6
00407f00	SetRectEmpty	6
00407f08	SetScrollInfo	6
00407f20	SetTimer	6
00407f28	SetWindowLongA	6
00407f30	SetWindowLongW	6
00407f38	SetWindowPlacement	6
00407f40	SetWindowPos	6
00407f48	SetWindowTextA	6
00407f50	SetWindowTextA	6
00407f58	SetWindowTextW	6
00407f60	SetWindowsHookExA	6
00407f68	SetWindowsHookExW	6
00407f70	SetWindowRgn	6
00407f78	ShowCursor	6
00407f80	ShowOwnedPopups	6
00407f88	ShowScrollBar	6
00407f90	ShowWindow	6
00407f98	SystemParametersInfoA	6
00407fa0	TrackPopupMenu	6
00407fa8	TranslateMDISysAccel	6
00407fb0	TranslateMessage	6
00407fb8	UnhookWindowsHookEx	6
00407fc0	UnregisterClassA	6
00407fc8	UnregisterClassW	6
00407fd0	UpdateWindow	6
00407fd8	UpdateLayeredWindow	6
00407fe0	ValidateRect	6
00407fe8	WaitMessage	6
00407ff0	WinHelpA	6
00407ff8	WindowFromPoint	6
00408000	FUN_00408000	18
00408014	FUN_00408014	12
00408020	FUN_00408020	4
00408024	FUN_00408024	7
0040802c	FUN_0040802c	6
00408034	FUN_00408034	7
0040803c	FUN_0040803c	8
00408044	FUN_00408044	3
00408048	FUN_00408048	14
00408058	FUN_00408058	27
00408074	FUN_00408074	19
00408088	FUN_00408088	13
00408098	FUN_00408098	12
004080a4	FUN_004080a4	26
004080c0	FUN_004080c0	1
004080c4	FUN_004080c4	4
004080c8	FUN_004080c8	4
004080cc	FUN_004080cc	20
004080e0	FUN_004080e0	22
004080f8	FUN_004080f8	6
00408100	FUN_00408100	6
00408108	CreateWindowExA	6
00408110	CreateWindowExW	6
00408118	FUN_00408118	87
00408170	FUN_00408170	87
004081c8	FUN_004081c8	85
00408220	FUN_00408220	154
00409400	FUN_00409400	28
0040941c	FUN_0040941c	24
00409434	FUN_00409434	34
00409458	StringFromCLSID	6
00409460	CoTaskMemFree	6
00409468	CLSIDFromString	6
00409470	FUN_00409470	109
004094ec	FUN_004094ec	56
00409524	IsEqualGUID	6
0040952c	FUN_0040952c	29
00409578	FUN_00409578	53
004095b0	FUN_004095b0	58
004095ec	FUN_004095ec	58
00409628	FUN_00409628	47
00409658	FUN_00409658	32
00409678	FUN_00409678	83
004096cc	FUN_004096cc	35
004096f0	FUN_004096f0	51
00409724	FUN_00409724	51
00409758	FUN_00409758	56
00409790	FUN_00409790	56
004097c8	FUN_004097c8	23
004097e0	FUN_004097e0	30
00409800	FUN_00409800	32
00409820	FUN_00409820	129
004098b4	FUN_004098b4	106
00409920	FUN_00409920	23
00409938	FUN_00409938	109
004099a8	FUN_004099a8	23
004099c0	FUN_004099c0	77
00409a10	FUN_00409a10	79
00409a60	FUN_00409a60	253
00409b60	FUN_00409b60	345
00409cc8	FUN_00409cc8	99
00409d2c	FUN_00409d2c	22
00409d42	FUN_00409d42	54
00409d94	FUN_00409d94	68
00409dd8	FUN_00409dd8	29
00409e30	FUN_00409e30	171
00409edc	FUN_00409edc	52
00409f10	FUN_00409f10	151
00409fa8	FUN_00409fa8	38
00409fd0	FUN_00409fd0	37
00409ff8	FUN_00409ff8	57
0040a034	FUN_0040a034	22
0040a04c	FUN_0040a04c	29
0040a06c	FUN_0040a06c	68
0040a0b0	FUN_0040a0b0	32
0040a0d0	FUN_0040a0d0	111
0040a160	FUN_0040a160	52
0040a194	FUN_0040a194	58
0040a1d0	FUN_0040a1d0	126
0040a26c	FUN_0040a26c	75
0040a2b8	FUN_0040a2b8	87
0040a310	FUN_0040a310	36
0040a334	FUN_0040a334	6
0040a33c	FUN_0040a33c	44
0040a368	FUN_0040a368	44
0040a394	FUN_0040a394	56
0040a3cc	FUN_0040a3cc	7
0040a3d4	FUN_0040a3d4	104
0040a43c	FUN_0040a43c	16
0040a44c	FUN_0040a44c	33
0040a470	FUN_0040a470	99
0040a4d4	FUN_0040a4d4	77
0040a524	FUN_0040a524	36
0040a548	FUN_0040a548	26
0040a564	FUN_0040a564	24
0040a57c	FUN_0040a57c	45
0040a5ac	FUN_0040a5ac	77
0040a5fc	FUN_0040a5fc	40
0040a630	FUN_0040a630	41
0040a668	FUN_0040a668	60
0040a6b0	FUN_0040a6b0	58
0040a760	FUN_0040a760	23
0040a778	FUN_0040a778	19
0040a78c	FUN_0040a78c	13
0040a79c	FUN_0040a79c	40
0040a7c4	FUN_0040a7c4	49
0040a7f8	FUN_0040a7f8	34
0040a81c	FUN_0040a81c	31
0040a83c	FUN_0040a83c	34
0040a860	FUN_0040a860	61
0040a8a0	FUN_0040a8a0	39
0040a8c8	FUN_0040a8c8	66
0040a90c	thunk_FUN_0040a916	2
0040a916	FUN_0040a916	15
0040a920	FUN_0040a920	81
0040a974	FUN_0040a974	18
0040a988	FUN_0040a988	20
0040a99c	FUN_0040a99c	9
0040a9a8	FUN_0040a9a8	42
0040a9d4	FUN_0040a9d4	15
0040a9e4	FUN_0040a9e4	88
0040aa3c	FUN_0040aa3c	33
0040aa60	FUN_0040aa60	12
0040aa6c	FUN_0040aa6c	226
0040ab4e	FUN_0040ab4e	72
0040ab96	FUN_0040ab96	489
0040adc3	FUN_0040adc3	16
0040add3	FUN_0040add3	15
0040ade4	FUN_0040ade4	64
0040ae24	FUN_0040ae24	64
0040ae64	FUN_0040ae64	19
0040ae78	FUN_0040ae78	189
0040af38	FUN_0040af38	112
0040afb8	FUN_0040afb8	33
0040afdc	FUN_0040afdc	238
0040b0ca	FUN_0040b0ca	82
0040b11c	FUN_0040b11c	560
0040b374	FUN_0040b374	16
0040b384	FUN_0040b384	15
0040b394	FUN_0040b394	201
0040b460	FUN_0040b460	19
0040b474	FUN_0040b474	67
0040b4b8	FUN_0040b4b8	220
0040b5ae	FUN_0040b5ae	9
0040b5b7	FUN_0040b5b7	10
0040b659	FUN_0040b659	101
0040b712	FUN_0040b712	15
0040b785	FUN_0040b785	6
0040b78c	FUN_0040b78c	226
0040b86e	FUN_0040b86e	59
0040b8a9	FUN_0040b8a9	171
0040b954	FUN_0040b954	187
0040ba0f	FUN_0040ba0f	33
0040ba30	FUN_0040ba30	69
0040ba75	FUN_0040ba75	9
0040ba80	FUN_0040ba80	45
0040baad	FUN_0040baad	274
0040bbcf	FUN_0040bbcf	212
0040bca3	FUN_0040bca3	9
0040bcac	FUN_0040bcac	183
0040bd63	FUN_0040bd63	11
0040bd6e	FUN_0040bd6e	28
0040bd8a	FUN_0040bd8a	47
0040bdb9	FUN_0040bdb9	7
0040bdc0	FUN_0040bdc0	47
0040bdf0	FUN_0040bdf0	47
0040be20	FUN_0040be20	53
0040be58	FUN_0040be58	86
0040beb0	FUN_0040beb0	59
0040beec	FUN_0040beec	60
0040bf28	FUN_0040bf28	25
0040bf44	FUN_0040bf44	41
0040bf70	FUN_0040bf70	41
0040bf9c	FUN_0040bf9c	25
0040bfb8	FUN_0040bfb8	68
0040bffc	FUN_0040bffc	107
0040c06c	FUN_0040c06c	61
0040c0ac	FUN_0040c0ac	92
0040c108	FUN_0040c108	57
0040c144	FUN_0040c144	200
0040c20c	FUN_0040c20c	47
0040c23c	FUN_0040c23c	329
0040c388	FUN_0040c388	30
0040c3a8	FUN_0040c3a8	40
0040c3d0	FUN_0040c3d0	44
0040c3fc	FUN_0040c3fc	89
0040c458	FUN_0040c458	135
0040c4e0	FUN_0040c4e0	80
0040c534	FUN_0040c534	17
0040c548	FUN_0040c548	66
0040c58c	FUN_0040c58c	30
0040c5ac	FUN_0040c5ac	73
0040c5f8	FUN_0040c5f8	42
0040c624	FUN_0040c624	56
0040c65c	FUN_0040c65c	63
0040c69c	FUN_0040c69c	334
0040c804	FUN_0040c804	222
0040c90c	FUN_0040c90c	1800
0040d0c0	FUN_0040d0c0	85
0040d11c	FUN_0040d11c	24
0040d134	FUN_0040d134	24
0040d14c	FUN_0040d14c	20
0040d160	FUN_0040d160	19
0040d174	FUN_0040d174	36
0040d198	FUN_0040d198	145
0040d22c	FUN_0040d22c	121
0040d2b8	FUN_0040d2b8	55
0040d2f0	FUN_0040d2f0	74
0040d33c	FUN_0040d33c	69
0040d384	FUN_0040d384	82
0040d3d8	FUN_0040d3d8	90
0040d434	FUN_0040d434	793
0040d778	FUN_0040d778	476
0040d96c	FUN_0040d96c	52
0040d9a0	FUN_0040d9a0	45
0040d9d0	FUN_0040d9d0	51
0040da04	FUN_0040da04	52
0040da38	FUN_0040da38	51
0040da6c	FUN_0040da6c	52
0040daa0	FUN_0040daa0	45
0040dad0	FUN_0040dad0	136
0040db5c	FUN_0040db5c	75
0040dba8	FUN_0040dba8	74
0040dbf4	FUN_0040dbf4	40
0040dc1c	FUN_0040dc1c	59
0040dc58	FUN_0040dc58	275
0040de30	FUN_0040de30	151
0040dee0	FUN_0040dee0	458
0040e114	FUN_0040e114	383
0040e29c	FUN_0040e29c	185
0040e364	FUN_0040e364	11
0040e370	FUN_0040e370	58
0040e3ac	FUN_0040e3ac	90
0040e42c	FUN_0040e42c	58
0040e468	FUN_0040e468	108
0040e4fc	FUN_0040e4fc	70
0040e570	FUN_0040e570	94
0040e644	FUN_0040e644	156
0040e6f0	FUN_0040e6f0	13
0040e734	FUN_0040e734	127
0040e7b4	FUN_0040e7b4	24
0040e7cc	FUN_0040e7cc	443
0040ea74	FUN_0040ea74	130
0040eaf8	FUN_0040eaf8	125
0040eb78	FUN_0040eb78	110
0040ebe8	FUN_0040ebe8	30
0040ec08	FUN_0040ec08	207
0040ecfc	FUN_0040ecfc	117
0040ed74	FUN_0040ed74	35
0040ed98	FUN_0040ed98	21
0040edb0	FUN_0040edb0	38
0040edd8	FUN_0040edd8	88
0040ee30	FUN_0040ee30	141
0040eec0	FUN_0040eec0	100
0040ef24	FUN_0040ef24	96
0040ef84	FUN_0040ef84	29
0040efa4	FUN_0040efa4	7
0040efac	FUN_0040efac	57
0040efe8	FUN_0040efe8	57
0040f024	FUN_0040f024	53
0040f05c	FUN_0040f05c	140
0040f0e8	FUN_0040f0e8	159
0040f188	FUN_0040f188	40
0040f1b0	FUN_0040f1b0	64
0040f1f0	FUN_0040f1f0	100
0040f264	FUN_0040f264	96
0040f2c4	FUN_0040f2c4	21
0040f2dc	FUN_0040f2dc	338
0040f450	FUN_0040f450	715
0040f7c8	FUN_0040f7c8	291
0040f8fc	Sleep	6
0040f904	FUN_0040f904	144
0040f9a0	FUN_0040f9a0	16
0040f9b0	FUN_0040f9b0	26
0040f9cc	FUN_0040f9cc	31
0040f9ec	FUN_0040f9ec	54
0040fa48	FUN_0040fa48	12
0040fa54	FUN_0040fa54	12
0040fa60	FUN_0040fa60	5
0040fa68	FUN_0040fa68	6
0040fac0	FUN_0040fac0	24
0040fad8	FUN_0040fad8	119
0040fb50	FUN_0040fb50	15
0040fb60	FUN_0040fb60	63
0040fba0	FUN_0040fba0	114
0040fc5c	FUN_0040fc5c	10
0040fc68	FUN_0040fc68	10
0040fc74	FUN_0040fc74	10
0040fc80	FUN_0040fc80	14
0040fc90	FUN_0040fc90	14
0040fca0	FUN_0040fca0	156
0040fe60	FUN_0040fe60	14
0040fe70	FUN_0040fe70	34
0040fe94	FUN_0040fe94	119
0040ff2c	FUN_0040ff2c	68
0040ff80	FUN_0040ff80	84
004104d4	VariantInit	6
004104dc	VariantClear	6
004104e4	VariantCopy	6
004104ec	VariantCopyInd	6
004104f4	VariantChangeType	6
00410538	FUN_00410538	12
00410544	FUN_00410544	12
00410550	FUN_00410550	90
00410940	SafeArrayCreate	6
00410948	SafeArrayGetLBound	6
00410950	SafeArrayGetUBound	6
00410958	SafeArrayAccessData	6
00410960	SafeArrayUnaccessData	6
00410968	SafeArrayGetElement	6
00410970	SafeArrayPutElement	6
00410978	SafeArrayPtrOfIndex	6
00410980	FUN_00410980	43
004109ac	FUN_004109ac	504
004114ac	FUN_004114ac	74
00411500	FUN_00411500	143
0041159c	FUN_0041159c	74
004115f0	FUN_004115f0	74
00411644	FUN_00411644	143
004116e0	FUN_004116e0	74
00411734	FUN_00411734	581
00411988	FUN_00411988	10
00411994	FUN_00411994	51
00411a4c	FUN_00411a4c	74
00411aa0	FUN_00411aa0	17
00411ab4	FUN_00411ab4	47
00411ae4	FUN_00411ae4	91
00411b40	FUN_00411b40	380
00411cbc	FUN_00411cbc	122
00411d38	FUN_00411d38	19
00411d4c	FUN_00411d4c	8
00411d54	FUN_00411d54	250
00411e58	FUN_00411e58	47
00411e88	FUN_00411e88	91
00411ee4	FUN_00411ee4	458
004120b8	FUN_004120b8	171
00412164	FUN_00412164	67
004121a8	FUN_004121a8	32
004121c8	FUN_004121c8	7
004121d8	FUN_004121d8	51
0041220c	FUN_0041220c	373
004123e4	FUN_004123e4	18
004123f8	FUN_004123f8	32
00412418	thunk_FUN_004123f8	5
00412420	FUN_00412420	92
0041248c	FUN_0041248c	62
004124d8	FUN_004124d8	62
00412524	FUN_00412524	62
00412570	FUN_00412570	62
004125bc	FUN_004125bc	125
0041263c	FUN_0041263c	107
004126a8	FUN_004126a8	469
004128d4	FUN_004128d4	163
00412988	FUN_00412988	57
004129c4	FUN_004129c4	84
00412a28	FUN_00412a28	68
00412a6c	FUN_00412a6c	899
00412ebc	FUN_00412ebc	148
00412f6c	FUN_00412f6c	139
00413014	FUN_00413014	174
0041310c	FUN_0041310c	89
004131e4	FUN_004131e4	157
004132cc	FUN_004132cc	171
00413378	FUN_00413378	238
00413478	FUN_00413478	87
004134e4	FUN_004134e4	75
00413530	FUN_00413530	881
00413974	FUN_00413974	183
00413a3c	FUN_00413a3c	62
00413a7c	FUN_00413a7c	84
00413ae0	FUN_00413ae0	73
00413b2c	FUN_00413b2c	668
00413e74	FUN_00413e74	12
00413e80	FUN_00413e80	181
00413f44	FUN_00413f44	75
00413f90	FUN_00413f90	85
00413ff4	FUN_00413ff4	75
00414040	FUN_00414040	717
004143bc	FUN_004143bc	25
004143d8	FUN_004143d8	283
00414568	FUN_00414568	220
00414654	FUN_00414654	96
004146b4	FUN_004146b4	75
00414700	FUN_00414700	85
00414764	FUN_00414764	75
004147b0	FUN_004147b0	678
00414b00	FUN_00414b00	172
00414bbc	FUN_00414bbc	96
00414c1c	FUN_00414c1c	75
00414c68	FUN_00414c68	85
00414ccc	FUN_00414ccc	75
00414d18	FUN_00414d18	797
004150e4	FUN_004150e4	54
0041511c	FUN_0041511c	54
00415154	FUN_00415154	182
00415218	FUN_00415218	157
004152e4	FUN_004152e4	86
00415348	FUN_00415348	125
004153cc	FUN_004153cc	1167
00415910	FUN_00415910	141
004159c8	FUN_004159c8	86
00415a2c	FUN_00415a2c	177
00415af4	FUN_00415af4	1194
00416054	FUN_00416054	106
004160cc	FUN_004160cc	185
00416198	FUN_00416198	154
00416244	FUN_00416244	60
00416280	FUN_00416280	31
004162a0	FUN_004162a0	31
004162c0	FUN_004162c0	32
004162e0	FUN_004162e0	31
00416300	FUN_00416300	31
00416320	FUN_00416320	32
00416340	FUN_00416340	42
0041636c	FUN_0041636c	36
00416390	FUN_00416390	42
004163bc	FUN_004163bc	42
004163e8	FUN_004163e8	42
00416414	FUN_00416414	38
0041643c	FUN_0041643c	17
00416450	FUN_00416450	17
00416464	FUN_00416464	17
00416478	FUN_00416478	43
004164a4	FUN_004164a4	67
004164f4	FUN_004164f4	54
0041652c	FUN_0041652c	43
00416558	FUN_00416558	43
00416584	FUN_00416584	67
004165d4	FUN_004165d4	86
00416640	FUN_00416640	336
00416790	FUN_00416790	36
004167b4	FUN_004167b4	188
00416888	FUN_00416888	19
0041689c	FUN_0041689c	230
00416984	FUN_00416984	18
00416998	FUN_00416998	57
004169d4	FUN_004169d4	39
004169fc	FUN_004169fc	39
00416a24	FUN_00416a24	43
00416a50	FUN_00416a50	91
00416abc	FUN_00416abc	350
00416c48	FUN_00416c48	1018
00417068	FUN_00417068	103
004170d0	FUN_004170d0	33
00417254	FUN_00417254	294
004173c4	FUN_004173c4	4
004173c8	thunk_FUN_004173cd	2
004173cd	FUN_004173cd	11
004173d8	FUN_004173d8	113
0041744c	FUN_0041744c	10
00417458	FUN_00417458	18
0041746c	FUN_0041746c	19
00417480	FUN_00417480	24
00417498	FUN_00417498	44
004174c4	FUN_004174c4	73
0041751c	FUN_0041751c	44
00417548	FUN_00417548	119
004175c0	FUN_004175c0	24
004175d8	FUN_004175d8	11
004175e4	FUN_004175e4	67
00417628	FUN_00417628	168
004176d0	FUN_004176d0	40
004176f8	FUN_004176f8	38
00417720	FUN_00417720	34
00417744	FUN_00417744	34
00417768	FUN_00417768	29
00417788	FUN_00417788	23
004177a0	FUN_004177a0	8
004177a8	FUN_004177a8	38
004177d0	FUN_004177d0	32
004177f0	FUN_004177f0	57
0041782c	FUN_0041782c	192
004178f8	FUN_004178f8	35
0041791c	FUN_0041791c	318
00417a64	FUN_00417a64	38
00417a8c	FUN_00417a8c	62
00417acc	FUN_00417acc	25
00417ae8	FUN_00417ae8	24
00417b00	FUN_00417b00	8
00417b08	FUN_00417b08	101
00417b70	FUN_00417b70	82
00417bc4	FUN_00417bc4	102
00417c30	FUN_00417c30	88
00417c88	FUN_00417c88	72
00417cd0	FUN_00417cd0	641
00418020	FUN_00418020	677
00418354	FUN_00418354	97
004183cc	FUN_004183cc	56
00418404	FUN_00418404	72
0041844c	FUN_0041844c	12
00418458	FUN_00418458	53
004184cc	FUN_004184cc	66
00418510	FUN_00418510	560
00418828	FUN_00418828	19
00418844	FUN_00418844	6
0041884c	FUN_0041884c	6
00418854	FUN_00418854	6
00418878	FUN_00418878	7
00418880	FUN_00418880	8
00418888	FUN_00418888	10
00418894	FUN_00418894	20
004188a8	FUN_004188a8	8
004188b0	FUN_004188b0	12
004188bc	FUN_004188bc	10
004188c8	FUN_004188c8	10
00418914	FUN_00418914	9
00418920	FUN_00418920	18
00418990	FUN_00418990	681
00418c48	FUN_00418c48	661
00418ef4	FUN_00418ef4	9
00418f24	FUN_00418f24	177
00418fdc	FUN_00418fdc	185
004190c4	FUN_004190c4	6
004190cc	FUN_004190cc	13
00419588	FUN_00419588	44
004195b4	FUN_004195b4	31
004195d4	FUN_004195d4	31
004195f4	FUN_004195f4	187
00419860	FUN_00419860	103
004198c8	FUN_004198c8	620
00419c28	FUN_00419c28	10
00419c34	FUN_00419c34	190
00419d0c	FUN_00419d0c	73
00419d58	FUN_00419d58	98
00419dbc	FUN_00419dbc	112
00419e2c	FUN_00419e2c	52
00419e64	FUN_00419e64	84
00419eb8	FUN_00419eb8	45
00419ee8	FUN_00419ee8	113
00419f5c	FUN_00419f5c	91
00419fb8	FUN_00419fb8	35
00419fdc	FUN_00419fdc	78
0041a058	FUN_0041a058	180
0041a140	FUN_0041a140	66
0041a184	FUN_0041a184	199
0041a25c	FUN_0041a25c	33
0041a280	FUN_0041a280	67
0041a2c4	FUN_0041a2c4	81
0041a318	FUN_0041a318	40
0041a340	FUN_0041a340	50
0041a374	FUN_0041a374	18
0041a388	FUN_0041a388	62
0041a3c8	FUN_0041a3c8	61
0041a408	FUN_0041a408	72
0041a460	FUN_0041a460	72
0041a4b8	FUN_0041a4b8	61
0041a4f8	FUN_0041a4f8	44
0041a524	FUN_0041a524	216
0041a60c	FUN_0041a60c	198
0041a6e0	FUN_0041a6e0	255
0041a7f8	FUN_0041a7f8	439
0041a9f0	FUN_0041a9f0	18
0041aa04	FUN_0041aa04	62
0041aa44	FUN_0041aa44	61
0041aa84	FUN_0041aa84	64
0041aac4	FUN_0041aac4	53
0041aafc	FUN_0041aafc	39
0041ab24	FUN_0041ab24	59
0041ab60	FUN_0041ab60	125
0041abe0	FUN_0041abe0	113
0041af28	IsEqualGUID	6
0041af30	CoInitialize	6
0041af38	CoUninitialize	6
0041af40	CoGetClassObject	6
0041af48	CoCreateInstance	6
0041af50	StringFromCLSID	6
0041af58	ProgIDFromCLSID	6
0041af60	CLSIDFromProgID	6
0041af68	CoCreateGuid	6
0041af70	CoTaskMemAlloc	6
0041af78	CoTaskMemFree	6
0041af80	OleSetMenuDescriptor	6
0041af88	OleDraw	6
0041af90	IsAccelerator	6
0041af98	CreateStreamOnHGlobal	6
0041afa0	SysFreeString	6
0041afa8	GetActiveObject	6
0041afb8	FUN_0041afb8	9
0041c968	FUN_0041c968	24
0041c990	FUN_0041c990	38
0041c9b8	FUN_0041c9b8	38
0041cac0	FUN_0041cac0	9
0041cacc	FUN_0041cacc	95
0041cb2c	FUN_0041cb2c	109
0041cb9c	FUN_0041cb9c	122
0041cc58	FUN_0041cc58	95
0041ccb8	FUN_0041ccb8	67
0041ccfc	FUN_0041ccfc	155
0041cda4	FUN_0041cda4	24
0041cdbc	FUN_0041cdbc	31
0041cddc	FUN_0041cddc	162
0041ce80	FUN_0041ce80	73
0041cecc	FUN_0041cecc	113
0041cf9c	FUN_0041cf9c	68
0041cfe0	FUN_0041cfe0	68
0041d024	FUN_0041d024	131
0041d0b4	FUN_0041d0b4	199
0041d17c	FUN_0041d17c	10
0041d188	FUN_0041d188	23
0041d1a0	FUN_0041d1a0	65
0041d1e4	FUN_0041d1e4	79
0041d234	FUN_0041d234	10
0041d240	FUN_0041d240	78
0041d290	FUN_0041d290	255
0041d3ec	FUN_0041d3ec	129
0041d474	FUN_0041d474	11
0041d480	FUN_0041d480	96
0041d4ec	FUN_0041d4ec	70
0041d540	FUN_0041d540	29
0041d560	FUN_0041d560	101
0041d5d0	FUN_0041d5d0	52
0041d604	FUN_0041d604	66
0041d650	FUN_0041d650	66
0041d69c	FUN_0041d69c	71
0041d6f0	FUN_0041d6f0	78
0041d7a4	FUN_0041d7a4	53
0041d7dc	FUN_0041d7dc	41
0041d808	FUN_0041d808	115
0041d884	FUN_0041d884	115
0041d900	FUN_0041d900	64
0041d940	FUN_0041d940	67
0041d984	FUN_0041d984	63
0041d9c4	FUN_0041d9c4	22
0041d9dc	FUN_0041d9dc	63
0041da1c	FUN_0041da1c	36
0041da40	FUN_0041da40	122
0041dac4	FUN_0041dac4	86
0041db1c	FUN_0041db1c	47
0041db4c	FUN_0041db4c	89
0041dba8	FUN_0041dba8	150
0041dc50	FUN_0041dc50	143
0041dea0	FUN_0041dea0	32
0041dec0	FUN_0041dec0	51
0041def4	FUN_0041def4	23
0041df0c	FUN_0041df0c	96
0041df6c	FUN_0041df6c	4
0041df70	FUN_0041df70	50
0041dfa8	FUN_0041dfa8	72
0041dffc	FUN_0041dffc	21
0041e014	FUN_0041e014	8
0041e01c	FUN_0041e01c	39
0041e078	FUN_0041e078	31
0041e098	FUN_0041e098	107
0041e104	FUN_0041e104	10
0041e110	FUN_0041e110	88
0041e168	FUN_0041e168	80
0041e1b8	FUN_0041e1b8	31
0041e1d8	FUN_0041e1d8	58
0041e214	FUN_0041e214	112
0041e284	FUN_0041e284	58
0041e2c0	FUN_0041e2c0	1
0041e2c4	FUN_0041e2c4	81
0041e394	FUN_0041e394	124
0041e41c	FUN_0041e41c	17
0041e430	FUN_0041e430	67
0041e480	FUN_0041e480	10
0041e4bc	FUN_0041e4bc	24
0041e4d4	FUN_0041e4d4	11
0041e4e0	FUN_0041e4e0	162
0041e584	FUN_0041e584	43
0041e5b0	FUN_0041e5b0	21
0041e5c8	FUN_0041e5c8	113
0041e640	FUN_0041e640	44
0041e66c	FUN_0041e66c	18
0041e680	FUN_0041e680	182
0041e750	FUN_0041e750	7
0041e758	FUN_0041e758	1
0041e810	FUN_0041e810	62
0041e8c8	FUN_0041e8c8	134
0041e960	FUN_0041e960	85
0041e9c4	FUN_0041e9c4	53
0041e9fc	FUN_0041e9fc	46
0041ea2c	FUN_0041ea2c	33
0041ea50	FUN_0041ea50	21
0041ea68	FUN_0041ea68	39
0041ea90	FUN_0041ea90	149
0041eb70	FUN_0041eb70	8
0041eb78	FUN_0041eb78	47
0041eba8	FUN_0041eba8	73
0041ec40	FUN_0041ec40	32
0041ec60	FUN_0041ec60	142
0041ecfc	FUN_0041ecfc	14
0041ed0c	FUN_0041ed0c	94
0041ed90	FUN_0041ed90	32
0041edb0	FUN_0041edb0	7
0041edb8	FUN_0041edb8	19
0041edcc	FUN_0041edcc	174
0041ee94	FUN_0041ee94	260
0041efb0	FUN_0041efb0	25
0041efcc	FUN_0041efcc	103
0041f034	FUN_0041f034	81
0041f08c	FUN_0041f08c	1
0041f090	FUN_0041f090	47
0041f0c0	FUN_0041f0c0	12
0041f0f8	FUN_0041f0f8	65
0041f140	FUN_0041f140	46
0041f194	FUN_0041f194	33
0041f1b8	FUN_0041f1b8	138
0041f308	FUN_0041f308	23
0041f320	FUN_0041f320	85
0041f3c4	FUN_0041f3c4	17
0041f3d8	FUN_0041f3d8	149
0041f480	FUN_0041f480	4
0041f484	FUN_0041f484	50
0041f4bc	FUN_0041f4bc	72
0041f5fc	FUN_0041f5fc	111
0041f680	FUN_0041f680	81
0041f6e4	FUN_0041f6e4	69
0041f8ec	FUN_0041f8ec	120
0041fa4c	FUN_0041fa4c	52
0041fa80	FUN_0041fa80	46
0041fab0	FUN_0041fab0	72
0041fb04	FUN_0041fb04	128
0041fc60	FUN_0041fc60	52
0041fd48	FUN_0041fd48	75
0041fe00	FUN_0041fe00	49
0041fe84	FUN_0041fe84	151
0041ff48	FUN_0041ff48	156
00420078	FUN_00420078	306
004201d8	FUN_004201d8	23
004201f0	FUN_004201f0	23
00420208	FUN_00420208	27
00420224	FUN_00420224	27
0042024c	FUN_0042024c	23
00420264	FUN_00420264	27
00420280	FUN_00420280	90
004202dc	FUN_004202dc	10
004202e8	FUN_004202e8	97
00420384	FUN_00420384	62
004203c4	FUN_004203c4	105
0042048c	FUN_0042048c	35
004204b0	FUN_004204b0	118
0042058c	FUN_0042058c	51
004205fc	FUN_004205fc	16
0042060c	FUN_0042060c	82
004206d8	FUN_004206d8	91
00420734	FUN_00420734	64
00420774	FUN_00420774	148
00420824	FUN_00420824	31
004208d4	FUN_004208d4	31
004208f4	FUN_004208f4	20
00420958	FUN_00420958	18
004209c0	FUN_004209c0	74
00420b00	FUN_00420b00	55
00420b38	FUN_00420b38	55
00420b70	FUN_00420b70	220
00420c64	FUN_00420c64	80
00420cc4	FUN_00420cc4	8
00420ccc	FUN_00420ccc	80
00420d28	FUN_00420d28	60
00420dc4	FUN_00420dc4	40
00420dec	FUN_00420dec	66
00420e30	FUN_00420e30	297
00420fb8	FUN_00420fb8	7
00420fc0	FUN_00420fc0	56
0042101c	FUN_0042101c	22
00421060	FUN_00421060	24
00421078	FUN_00421078	55
004210b0	FUN_004210b0	72
00421104	FUN_00421104	37
00421158	FUN_00421158	137
00421234	FUN_00421234	86
0042128c	FUN_0042128c	99
004212fc	FUN_004212fc	108
004213b8	FUN_004213b8	71
00421400	FUN_00421400	40
00421428	FUN_00421428	4
00421504	FUN_00421504	87
0042155c	FUN_0042155c	71
004215b4	FUN_004215b4	119
00421638	FUN_00421638	166
00421700	FUN_00421700	56
00421738	FUN_00421738	69
00421780	FUN_00421780	289
00421928	FUN_00421928	162
004219d4	FUN_004219d4	125
00421a58	FUN_00421a58	24
00421a70	FUN_00421a70	11
00421a7c	FUN_00421a7c	44
00421aa8	FUN_00421aa8	22
00421afc	FUN_00421afc	35
00421b20	FUN_00421b20	52
00421b54	FUN_00421b54	200
00421c30	FUN_00421c30	20
00421c64	FUN_00421c64	102
00421ccc	FUN_00421ccc	112
00421d48	FUN_00421d48	264
00421e8c	FUN_00421e8c	59
00421ec8	FUN_00421ec8	148
00421f5c	FUN_00421f5c	21
00421f74	FUN_00421f74	15
00421f84	FUN_00421f84	17
00421f98	FUN_00421f98	73
00421fe4	FUN_00421fe4	58
00422020	FUN_00422020	17
00422034	FUN_00422034	75
0042208c	FUN_0042208c	160
0042215c	FUN_0042215c	57
00422198	FUN_00422198	119
00422210	FUN_00422210	103
00422278	FUN_00422278	29
004222f8	FUN_004222f8	212
00422408	FUN_00422408	125
004224a8	FUN_004224a8	128
0042254c	FUN_0042254c	504
00422788	FUN_00422788	105
004227f8	FUN_004227f8	194
004228c8	FUN_004228c8	67
0042290c	FUN_0042290c	67
00422950	FUN_00422950	73
004229a0	FUN_004229a0	67
004229e4	FUN_004229e4	155
00422ae4	FUN_00422ae4	107
00422b50	FUN_00422b50	66
00422b94	FUN_00422b94	8
00422b9c	FUN_00422b9c	8
00422ba4	FUN_00422ba4	58
00422ce4	FUN_00422ce4	26
00422d00	FUN_00422d00	382
00422ee0	FUN_00422ee0	69
00422f28	FUN_00422f28	61
00422f68	FUN_00422f68	79
00422fc4	FUN_00422fc4	178
00423084	FUN_00423084	695
0042338c	FUN_0042338c	78
004233ec	FUN_004233ec	575
00423718	FUN_00423718	147
004237d4	FUN_004237d4	36
004237f8	FUN_004237f8	60
00423834	FUN_00423834	173
004238f0	FUN_004238f0	215
004239d4	FUN_004239d4	18
004239e8	FUN_004239e8	60
00423a30	FUN_00423a30	40
00423a58	FUN_00423a58	47
00423a88	FUN_00423a88	92
00423ae4	FUN_00423ae4	310
00423c80	FUN_00423c80	61
00423e68	FUN_00423e68	113
00423edc	FUN_00423edc	72
00423f24	FUN_00423f24	351
004240ec	FUN_004240ec	422
00424380	FUN_00424380	16
00424398	FUN_00424398	58
004243ec	FUN_004243ec	73
00424438	FUN_00424438	119
004244c0	FUN_004244c0	24
004244d8	FUN_004244d8	20
004244ec	FUN_004244ec	67
0042453c	FUN_0042453c	146
004245dc	FUN_004245dc	77
0042462c	FUN_0042462c	327
00424b80	FUN_00424b80	37
00424ba8	FUN_00424ba8	35
00424bcc	FUN_00424bcc	35
00424bf0	FUN_00424bf0	35
00424c14	FUN_00424c14	35
00424c38	FUN_00424c38	136
00424cfc	FUN_00424cfc	114
00424d70	FUN_00424d70	87
00424dc8	FUN_00424dc8	8
00424dd0	FUN_00424dd0	8
00424dd8	FUN_00424dd8	64
00424e1c	FUN_00424e1c	191
00424ee4	FUN_00424ee4	47
00424f14	FUN_00424f14	86
00424f6c	FUN_00424f6c	85
00424fc8	FUN_00424fc8	85
00425020	FUN_00425020	127
004250b0	FUN_004250b0	64
004250f0	FUN_004250f0	86
00425148	FUN_00425148	125
004251c8	FUN_004251c8	172
00425294	FUN_00425294	189
00425370	FUN_00425370	119
004253e8	FUN_004253e8	135
00425480	FUN_00425480	289
004255e8	FUN_004255e8	72
0042563c	FUN_0042563c	134
004256d0	FUN_004256d0	96
004257e0	FUN_004257e0	180
004258a0	FUN_004258a0	63
004258e0	FUN_004258e0	60
0042591c	FUN_0042591c	85
0042597c	FUN_0042597c	22
00425994	FUN_00425994	239
00425abc	FUN_00425abc	400
00425cc8	FUN_00425cc8	189
00425da4	FUN_00425da4	155
00425e4c	FUN_00425e4c	89
00425eb0	FUN_00425eb0	264
00425ffc	FUN_00425ffc	830
004263f8	FUN_004263f8	70
0042644c	FUN_0042644c	16
0042645c	FUN_0042645c	70
004264a4	FUN_004264a4	152
0042653c	FUN_0042653c	69
00426590	FUN_00426590	166
00426644	FUN_00426644	18
0042667c	FUN_0042667c	59
004266b8	FUN_004266b8	86
00426710	FUN_00426710	46
00426744	FUN_00426744	22
0042675c	FUN_0042675c	12
00426768	FUN_00426768	26
00426784	FUN_00426784	12
00426790	FUN_00426790	11
0042679c	FUN_0042679c	11
004267a8	FUN_004267a8	325
00426948	FUN_00426948	129
004269f0	FUN_004269f0	170
00426ac0	FUN_00426ac0	102
00426b34	FUN_00426b34	110
00426bb0	FUN_00426bb0	23
00426bf0	FUN_00426bf0	43
00426c1c	FUN_00426c1c	234
00426d5c	FUN_00426d5c	37
00426d84	FUN_00426d84	37
00426dac	FUN_00426dac	5
00426db4	FUN_00426db4	162
00426e58	FUN_00426e58	69
00426ea4	FUN_00426ea4	120
00426f28	FUN_00426f28	81
00426fbc	FUN_00426fbc	43
00426fe8	FUN_00426fe8	37
00427010	FUN_00427010	85
00427068	FUN_00427068	54
004270a0	FUN_004270a0	84
004270f8	FUN_004270f8	57
00427134	FUN_00427134	36
00427158	FUN_00427158	27
00427174	FUN_00427174	90
004271d0	FUN_004271d0	105
00427258	FUN_00427258	3
0042725c	FUN_0042725c	7
00427288	FUN_00427288	3
004272a8	FUN_004272a8	10
004272b8	FUN_004272b8	7
004272c8	FUN_004272c8	126
00427360	FUN_00427360	77
004273b0	FUN_004273b0	139
0042743c	FUN_0042743c	19
00427450	FUN_00427450	43
0042747c	FUN_0042747c	14
0042748c	FUN_0042748c	81
004274e0	FUN_004274e0	79
00427530	FUN_00427530	70
004275e0	FUN_004275e0	7
004275e8	FUN_004275e8	64
00427628	FUN_00427628	30
0042771c	FUN_0042771c	43
00427748	FUN_00427748	3
0042774c	FUN_0042774c	7
00427760	FUN_00427760	68
004277a4	FUN_004277a4	88
00427830	FUN_00427830	26
0042784c	FUN_0042784c	26
004278d8	FUN_004278d8	12
004278e4	FUN_004278e4	62
00427924	FUN_00427924	43
00427950	FUN_00427950	72
004279d0	FUN_004279d0	88
00427da0	FUN_00427da0	12
00427dac	FUN_00427dac	12
00427db8	FUN_00427db8	108
00427e34	FUN_00427e34	23
00427e4c	FUN_00427e4c	85
00427ee0	FUN_00427ee0	8
00427ee8	FUN_00427ee8	152
00427f80	FUN_00427f80	19
00427fa4	FUN_00427fa4	173
00428058	FUN_00428058	38
00429594	FUN_00429594	19
00429608	FUN_00429608	17
0042961c	FUN_0042961c	57
0042967c	FUN_0042967c	10
00429688	FUN_00429688	10
00429694	FUN_00429694	212
00429778	FUN_00429778	139
00429828	FUN_00429828	105
004298a0	FUN_004298a0	92
0042990c	FUN_0042990c	95
00429978	FUN_00429978	157
00429e64	FUN_00429e64	16
00429e74	FUN_00429e74	71
00429ecc	FUN_00429ecc	33
00429ef0	FUN_00429ef0	13
00429f00	FUN_00429f00	13
00429f24	FUN_00429f24	14
00429f34	FUN_00429f34	14
0042a118	FUN_0042a118	178
0042a1cc	FUN_0042a1cc	84
0042a338	FUN_0042a338	24
0042a350	FUN_0042a350	69
0042a3a0	FUN_0042a3a0	20
0042a3b4	FUN_0042a3b4	386
0042a55c	FUN_0042a55c	33
0042a580	FUN_0042a580	7
0042a588	FUN_0042a588	37
0042a5b0	FUN_0042a5b0	22
0042a5c8	FUN_0042a5c8	90
0042a624	FUN_0042a624	26
0042a640	FUN_0042a640	32
0042a660	FUN_0042a660	9
0042a66c	FUN_0042a66c	43
0042a698	FUN_0042a698	7
0042a6a0	FUN_0042a6a0	37
0042a6c8	FUN_0042a6c8	7
0042a6d0	FUN_0042a6d0	37
0042a6f8	FUN_0042a6f8	66
0042a81c	FUN_0042a81c	21
0042a834	FUN_0042a834	69
0042a884	FUN_0042a884	7
0042a88c	FUN_0042a88c	37
0042a8b4	FUN_0042a8b4	144
0042a94c	FUN_0042a94c	20
0042a968	FUN_0042a968	37
0042a990	FUN_0042a990	7
0042a998	FUN_0042a998	41
0042a9c4	FUN_0042a9c4	62
0042aad4	FUN_0042aad4	26
0042aaf0	FUN_0042aaf0	69
0042ab40	FUN_0042ab40	33
0042ab64	FUN_0042ab64	7
0042ab6c	FUN_0042ab6c	49
0042aba0	FUN_0042aba0	215
0042ac80	FUN_0042ac80	7
0042ac88	FUN_0042ac88	51
0042acbc	FUN_0042acbc	190
0042ad80	FUN_0042ad80	91
0042addc	FUN_0042addc	126
0042ae64	FUN_0042ae64	166
0042af10	FUN_0042af10	46
0042af44	FUN_0042af44	65
0042af8c	FUN_0042af8c	55
0042afc8	FUN_0042afc8	55
0042b004	FUN_0042b004	51
0042b03c	FUN_0042b03c	37
0042b064	FUN_0042b064	39
0042b090	FUN_0042b090	81
0042b0e8	FUN_0042b0e8	52
0042b120	FUN_0042b120	52
0042b158	FUN_0042b158	65
0042b1a0	FUN_0042b1a0	19
0042b1b4	FUN_0042b1b4	6
0042b1bc	FUN_0042b1bc	73
0042b20c	FUN_0042b20c	55
0042b248	FUN_0042b248	44
0042b274	FUN_0042b274	136
0042b300	FUN_0042b300	153
0042b3a0	FUN_0042b3a0	61
0042b3e4	FUN_0042b3e4	28
0042b400	FUN_0042b400	29
0042b420	FUN_0042b420	76
0042b47c	FUN_0042b47c	37
0042b4a4	FUN_0042b4a4	13
0042b4b4	FUN_0042b4b4	9
0042b4c0	FUN_0042b4c0	9
0042b4cc	FUN_0042b4cc	32
0042b4f0	FUN_0042b4f0	29
0042b510	FUN_0042b510	37
0042b53c	FUN_0042b53c	66
0042b584	FUN_0042b584	32
0042b5a8	FUN_0042b5a8	28
0042b5c8	FUN_0042b5c8	86
0042b624	FUN_0042b624	1
0042b628	FUN_0042b628	84
0042b67c	FUN_0042b67c	112
0042b6f0	FUN_0042b6f0	20
0042b718	FUN_0042b718	44
0042b744	FUN_0042b744	48
0042b774	FUN_0042b774	121
0042b850	FUN_0042b850	24
0042b868	FUN_0042b868	24
0042b880	FUN_0042b880	11
0042b88c	FUN_0042b88c	11
0042b898	FUN_0042b898	11
0042b8a4	FUN_0042b8a4	74
0042b8f8	FUN_0042b8f8	156
0042b9a0	FUN_0042b9a0	16
0042b9b0	FUN_0042b9b0	327
0042bb10	FUN_0042bb10	32
0042bb30	FUN_0042bb30	20
0042bb44	FUN_0042bb44	633
0042bdd8	FUN_0042bdd8	54
0042be10	FUN_0042be10	120
0042be88	FUN_0042be88	85
0042bee0	FUN_0042bee0	253
0042bff8	FUN_0042bff8	142
0042c090	FUN_0042c090	161
0042c134	FUN_0042c134	81
0042c188	FUN_0042c188	210
0042c344	FUN_0042c344	10
0042c350	FUN_0042c350	144
0042c3e0	FUN_0042c3e0	233
0042c6e8	FUN_0042c6e8	22
0042c700	FUN_0042c700	228
0042c7e4	FUN_0042c7e4	99
0042c848	FUN_0042c848	8
0042c850	FUN_0042c850	157
0042c900	FUN_0042c900	20
0042c914	FUN_0042c914	1
0042c918	FUN_0042c918	10
0042c924	FUN_0042c924	455
0042cb20	FUN_0042cb20	53
0042cb58	FUN_0042cb58	24
0042cb70	FUN_0042cb70	87
0042cbc8	FUN_0042cbc8	60
0042cc14	FUN_0042cc14	292
0042cdb8	FUN_0042cdb8	40
0042cdec	FUN_0042cdec	75
0042ce58	FUN_0042ce58	12
0042cf00	FUN_0042cf00	221
0042d080	FUN_0042d080	131
0042d114	FUN_0042d114	135
0042d1ac	FUN_0042d1ac	126
0042d23c	FUN_0042d23c	74
0042d2e8	FUN_0042d2e8	125
0042d394	FUN_0042d394	75
0042d3fc	FUN_0042d3fc	58
0042d438	FUN_0042d438	70
0042d480	FUN_0042d480	32
0042d4a0	FUN_0042d4a0	32
0042d4c0	FUN_0042d4c0	63
0042d564	FUN_0042d564	98
0042d5c8	FUN_0042d5c8	21
0042d5e0	FUN_0042d5e0	21
0042d5f8	FUN_0042d5f8	21
0042d610	FUN_0042d610	150
0042d6c0	FUN_0042d6c0	269
0042d7f4	FUN_0042d7f4	172
0042d8b8	FUN_0042d8b8	41
0042d8e4	FUN_0042d8e4	22
0042d988	FUN_0042d988	35
0042d9ac	FUN_0042d9ac	23
0042d9c4	FUN_0042d9c4	47
0042d9f4	FUN_0042d9f4	34
0042dbb4	FUN_0042dbb4	124
0042dc30	FUN_0042dc30	58
0042dc7c	FUN_0042dc7c	21
0042dc94	FUN_0042dc94	21
0042dcec	FUN_0042dcec	112
0042dd84	FUN_0042dd84	495
0042e020	FUN_0042e020	70
0042e12c	FUN_0042e12c	144
0042e1bc	FUN_0042e1bc	101
0042e224	FUN_0042e224	128
0042e2ac	FUN_0042e2ac	14
0042e320	FUN_0042e320	24
0042e338	FUN_0042e338	24
0042e350	FUN_0042e350	137
0042e494	FUN_0042e494	39
0042e4bc	FUN_0042e4bc	107
0042e528	FUN_0042e528	192
0042e5f8	FUN_0042e5f8	367
0042e858	FUN_0042e858	142
0042e95c	FUN_0042e95c	57
0042e998	FUN_0042e998	57
0042ea4c	FUN_0042ea4c	94
0042eaac	FUN_0042eaac	131
0042eb30	FUN_0042eb30	128
0042ebb0	FUN_0042ebb0	130
0042ec3c	FUN_0042ec3c	289
0042ed84	FUN_0042ed84	131
0042ee08	FUN_0042ee08	49
0042ee3c	FUN_0042ee3c	25
0042eef4	FUN_0042eef4	151
0042efa0	FUN_0042efa0	117
0042f01c	FUN_0042f01c	60
0042f084	FUN_0042f084	152
0042f124	FUN_0042f124	228
0042f210	FUN_0042f210	4
0042f214	FUN_0042f214	31
0042f2dc	FUN_0042f2dc	181
0042f398	FUN_0042f398	73
0042f3e4	FUN_0042f3e4	1482
0042fa48	FUN_0042fa48	97
0042faac	FUN_0042faac	510
0042fcb8	FUN_0042fcb8	104
0042fd5c	FUN_0042fd5c	200
0042fe4c	FUN_0042fe4c	152
0042ff0c	FUN_0042ff0c	33
0042ff3c	FUN_0042ff3c	113
00430200	FUN_00430200	99
00430280	FUN_00430280	69
004302ec	FUN_004302ec	41
0043033c	FUN_0043033c	26
0043036c	FUN_0043036c	129
004303f0	FUN_004303f0	102
00430458	FUN_00430458	69
004304a8	FUN_004304a8	115
0043051c	FUN_0043051c	15
0043052c	FUN_0043052c	153
004305cc	FUN_004305cc	96
0043062c	FUN_0043062c	184
004306e4	FUN_004306e4	132
0043078c	FUN_0043078c	84
004307ec	FUN_004307ec	208
00430914	FUN_00430914	1056
00430e7c	FUN_00430e7c	110
00430eec	FUN_00430eec	171
004310e8	FUN_004310e8	81
0043113c	FUN_0043113c	125
00431290	FUN_00431290	340
004313f8	FUN_004313f8	77
00431448	FUN_00431448	44
00431474	FUN_00431474	81
004314d0	FUN_004314d0	690
00431788	FUN_00431788	51
004317bc	FUN_004317bc	34
004317e8	FUN_004317e8	131
004318d0	FUN_004318d0	83
00431a0c	FUN_00431a0c	18
00431a48	FUN_00431a48	120
00431ac0	FUN_00431ac0	154
00431c2c	FUN_00431c2c	92
00431ca0	FUN_00431ca0	23
00431d14	FUN_00431d14	17
00431d3c	FUN_00431d3c	53
00431d74	FUN_00431d74	67
00431db8	FUN_00431db8	95
00431e84	FUN_00431e84	53
00431ee8	FUN_00431ee8	10
00431ef4	FUN_00431ef4	10
00431f00	FUN_00431f00	161
00431fb4	FUN_00431fb4	233
004320b4	FUN_004320b4	89
0043212c	FUN_0043212c	54
00432334	FUN_00432334	7
0043233c	FUN_0043233c	52
00432370	FUN_00432370	70
004323b8	FUN_004323b8	7
004323c0	FUN_004323c0	64
00432400	FUN_00432400	52
00432434	FUN_00432434	70
0043247c	FUN_0043247c	10
00432488	FUN_00432488	14
00432498	FUN_00432498	94
004326cc	FUN_004326cc	6
004326d4	FUN_004326d4	57
00432710	FUN_00432710	67
00432754	FUN_00432754	18
00432768	FUN_00432768	18
0043277c	FUN_0043277c	6
00432784	FUN_00432784	42
004328a0	FUN_004328a0	6
004328d8	FUN_004328d8	18
004328ec	FUN_004328ec	18
00432908	FUN_00432908	6
00432990	FUN_00432990	68
00432a7c	InitCommonControls	6
00432a84	FUN_00432a84	55
00432ae4	FUN_00432ae4	49
00432b18	ImageList_Create	6
00432b20	ImageList_Destroy	6
00432b28	ImageList_GetImageCount	6
00432b30	ImageList_Add	6
00432b38	ImageList_ReplaceIcon	6
00432b40	ImageList_SetBkColor	6
00432b48	ImageList_GetBkColor	6
00432b50	FUN_00432b50	10
00432b5c	FUN_00432b5c	4
00432b60	ImageList_Draw	6
00432b68	ImageList_Replace	6
00432b70	ImageList_DrawEx	6
00432b78	ImageList_Remove	6
00432b80	ImageList_BeginDrag	6
00432b88	ImageList_EndDrag	6
00432b90	ImageList_DragEnter	6
00432b98	ImageList_DragLeave	6
00432ba0	ImageList_DragMove	6
00432ba8	ImageList_SetDragCursorImage	6
00432bb0	ImageList_DragShowNolock	6
00432bb8	ImageList_GetDragImage	6
00432bc0	ImageList_Read	6
00432bc8	ImageList_Write	6
00432bd0	ImageList_GetIconSize	6
00432bd8	ImageList_SetIconSize	6
00432be0	FUN_00432be0	23
00432bf8	FUN_00432bf8	26
00432c14	FUN_00432c14	16
00432c24	FUN_00432c24	4
00432c28	FUN_00432c28	23
00432c40	FUN_00432c40	23
00432c58	FUN_00432c58	23
00432c70	FUN_00432c70	23
00432c88	FUN_00432c88	20
00432c9c	FUN_00432c9c	35
00432cc0	FUN_00432cc0	14
00432d0c	FUN_00432d0c	15
00432d1c	FUN_00432d1c	26
00432d38	FUN_00432d38	23
00432d50	FUN_00432d50	20
00432d64	FUN_00432d64	26
00432d80	FUN_00432d80	14
00432d90	FUN_00432d90	23
00432da8	FUN_00432da8	23
00432dc0	FUN_00432dc0	35
00432de4	FUN_00432de4	26
00432e00	FUN_00432e00	23
00432e18	FUN_00432e18	23
00432e30	FUN_00432e30	16
00432e58	FUN_00432e58	32
00432e78	FUN_00432e78	45
00432ea8	FUN_00432ea8	14
00432eb8	FUN_00432eb8	30
00432ed8	FUN_00432ed8	41
00432f04	FUN_00432f04	45
00432f34	FUN_00432f34	15
00432f44	FUN_00432f44	14
00432f54	FUN_00432f54	26
00432f70	FUN_00432f70	16
00432f80	FUN_00432f80	23
00432f98	FUN_00432f98	26
00432fb4	FUN_00432fb4	26
00432fd0	FUN_00432fd0	26
0043300c	FUN_0043300c	26
00433028	FUN_00433028	11
00433034	FUN_00433034	11
00433040	FUN_00433040	11
0043304c	FUN_0043304c	11
00433058	FUN_00433058	23
00433070	FUN_00433070	37
004330a8	FUN_004330a8	191
00433218	FUN_00433218	118
00433784	FUN_00433784	96
00433830	FUN_00433830	37
00433c2c	FUN_00433c2c	118
00433cb0	FUN_00433cb0	70
00433d08	FUN_00433d08	58
00433d44	FUN_00433d44	113
00433db8	FUN_00433db8	257
00433ed8	FUN_00433ed8	63
00433f18	FUN_00433f18	45
004340e8	FUN_004340e8	229
00434404	FUN_00434404	243
00434738	FUN_00434738	140
00434860	ClosePrinter	6
00434868	DocumentPropertiesA	6
00434870	EnumPrintersA	6
00434878	OpenPrinterA	6
00434978	FUN_00434978	49
004349ac	FUN_004349ac	24
004349c4	FUN_004349c4	33
00434a68	FUN_00434a68	95
00434ac8	FUN_00434ac8	115
00434c3c	FUN_00434c3c	60
00434c78	FUN_00434c78	35
00434c9c	FUN_00434c9c	29
00434cbc	FUN_00434cbc	69
00434d04	FUN_00434d04	60
00434dbc	FUN_00434dbc	286
00434ee8	FUN_00434ee8	101
00434f58	FUN_00434f58	134
00434fe0	FUN_00434fe0	51
00435014	FUN_00435014	47
00435044	FUN_00435044	53
00435080	FUN_00435080	567
004352c8	FUN_004352c8	31
004352e8	FUN_004352e8	17
004352fc	FUN_004352fc	25
00435318	FUN_00435318	25
00435334	FUN_00435334	21
0043534c	FUN_0043534c	508
0043558c	FUN_0043558c	443
0043578c	FUN_0043578c	60
004357c8	FUN_004357c8	9
004357d4	FUN_004357d4	32
004357f4	FUN_004357f4	49
00435838	FUN_00435838	52
0043586c	FUN_0043586c	40
00435894	FUN_00435894	353
00435c2c	FUN_00435c2c	62
00435cb4	FUN_00435cb4	5
00435cbc	FUN_00435cbc	6
00435cfc	FUN_00435cfc	439
00435ebc	FUN_00435ebc	947
00436620	FUN_00436620	39
00436648	FUN_00436648	72
004366b8	FUN_004366b8	37
00436728	SHGetFileInfoA	6
00436730	ShellExecuteA	6
00436738	ShellExecuteW	6
00436c4c	FUN_00436c4c	180
00436d00	FUN_00436d00	103
00436d68	FUN_00436d68	71
00436db0	FUN_00436db0	49
00436fd8	FUN_00436fd8	68
0043704c	FUN_0043704c	157
00437118	FUN_00437118	158
004372a8	FUN_004372a8	82
00437474	FUN_00437474	118
00437570	FUN_00437570	235
004376ac	FUN_004376ac	433
0043794c	FUN_0043794c	1392
00437ef0	FUN_00437ef0	32
00437f10	FUN_00437f10	36
00437f34	FUN_00437f34	159
00437fe8	FUN_00437fe8	12
00437ff4	FUN_00437ff4	19
0043800c	FUN_0043800c	97
0043a31c	FUN_0043a31c	193
0043a3e0	FUN_0043a3e0	95
0043a440	FUN_0043a440	158
0043a520	FUN_0043a520	288
0043a67c	FUN_0043a67c	145
0043a760	FUN_0043a760	300
0043a88c	FUN_0043a88c	177
0043a94c	FUN_0043a94c	151
0043a9e4	FUN_0043a9e4	106
0043aa50	FUN_0043aa50	22
0043aa68	FUN_0043aa68	16
0043aa78	FUN_0043aa78	22
0043aa90	FUN_0043aa90	22
0043aac0	FUN_0043aac0	291
0043ade4	FUN_0043ade4	63
0043ae24	FUN_0043ae24	247
0043b0ac	FUN_0043b0ac	78
0043b134	FUN_0043b134	88
0043b1a8	FUN_0043b1a8	127
0043b234	FUN_0043b234	14
0043b244	FUN_0043b244	14
0043b254	FUN_0043b254	24
0043b280	FUN_0043b280	184
0043b4f4	FUN_0043b4f4	53
0043b6d0	FUN_0043b6d0	25
0043b6ec	FUN_0043b6ec	25
0043b798	FUN_0043b798	283
0043ba00	FUN_0043ba00	72
0043ba50	FUN_0043ba50	30
0043bba0	FUN_0043bba0	65
0043bc20	FUN_0043bc20	83
0043bd08	FUN_0043bd08	236
0043bf24	FUN_0043bf24	71
0043bf7c	FUN_0043bf7c	234
0043c554	FUN_0043c554	28
0043c570	FUN_0043c570	44
0043c59c	FUN_0043c59c	89
0043c618	FUN_0043c618	147
0043c6fc	FUN_0043c6fc	31
0043c71c	FUN_0043c71c	114
0043c79c	FUN_0043c79c	168
0043c84c	FUN_0043c84c	88
0043c8b4	FUN_0043c8b4	85
0043c980	FUN_0043c980	117
0043ca04	FUN_0043ca04	117
0043cad4	FUN_0043cad4	111
0043cb8c	FUN_0043cb8c	32
0043cc3c	FUN_0043cc3c	49
0043ccd0	FUN_0043ccd0	75
0043cd1c	FUN_0043cd1c	28
0043cd38	FUN_0043cd38	116
0043dc78	FUN_0043dc78	81
0043dcfc	FUN_0043dcfc	75
0043dd48	FUN_0043dd48	44
0043dd74	FUN_0043dd74	47
0043dda4	FUN_0043dda4	68
0043de18	FUN_0043de18	93
0043de78	FUN_0043de78	35
0043de9c	FUN_0043de9c	11
0043dea8	FUN_0043dea8	145
0043df98	FUN_0043df98	67
0043dfdc	FUN_0043dfdc	46
0043e00c	FUN_0043e00c	118
0043e084	FUN_0043e084	38
0043e0ac	FUN_0043e0ac	1426
0043e684	FUN_0043e684	353
0043e7e8	FUN_0043e7e8	222
0043e8c8	FUN_0043e8c8	809
0043ebf4	FUN_0043ebf4	112
0043f274	FUN_0043f274	99
0043f2d8	FUN_0043f2d8	42
0043f3fc	FUN_0043f3fc	246
0043f518	FUN_0043f518	10
0043f57c	FUN_0043f57c	54
0043f5b4	FUN_0043f5b4	109
0043f640	FUN_0043f640	20
0043f7c0	FUN_0043f7c0	137
0043f900	FUN_0043f900	104
0043f968	FUN_0043f968	143
0043f9f8	FUN_0043f9f8	157
0043fb84	FUN_0043fb84	44
0043fbd4	FUN_0043fbd4	108
00440098	FUN_00440098	19
004400f4	FUN_004400f4	10
004402b8	FUN_004402b8	108
004403a0	FUN_004403a0	143
00440430	FUN_00440430	126
004404b0	FUN_004404b0	26
00440828	FUN_00440828	58
00440984	FUN_00440984	43
004409b0	FUN_004409b0	128
00440a68	FUN_00440a68	128
00440b20	FUN_00440b20	128
00440bd8	FUN_00440bd8	128
00440c90	FUN_00440c90	79
00440e48	FUN_00440e48	340
00441154	FUN_00441154	94
00441798	FUN_00441798	44
004417c4	FUN_004417c4	20
004417d8	FUN_004417d8	45
00441808	FUN_00441808	38
00441830	FUN_00441830	67
004418a0	FUN_004418a0	45
004418d0	FUN_004418d0	42
004418fc	FUN_004418fc	33
00441920	FUN_00441920	18
00441934	FUN_00441934	4
00441938	FUN_00441938	204
00441a14	FUN_00441a14	261
00441b38	FUN_00441b38	410
00441cf0	FUN_00441cf0	79
00441d40	FUN_00441d40	38
00441d68	FUN_00441d68	42
00441d94	FUN_00441d94	118
00441e3c	FUN_00441e3c	103
00441ea4	FUN_00441ea4	115
00441f18	FUN_00441f18	13
00441f28	FUN_00441f28	134
00441fc0	FUN_00441fc0	166
00442ecc	FUN_00442ecc	128
00442f54	FUN_00442f54	14
00442fcc	FUN_00442fcc	26
00442fe8	FUN_00442fe8	9
00442ff4	FUN_00442ff4	9
0044302c	FUN_0044302c	15
0044303c	FUN_0044303c	45
004430a8	FUN_004430a8	89
00443104	FUN_00443104	148
00443198	FUN_00443198	18
004431c4	FUN_004431c4	11
004431d0	FUN_004431d0	71
00443218	FUN_00443218	85
004433d4	FUN_004433d4	50
00443408	FUN_00443408	249
00443508	FUN_00443508	108
00443574	FUN_00443574	91
004435d4	FUN_004435d4	80
00443624	FUN_00443624	207
00443898	FUN_00443898	281
00443a50	FUN_00443a50	97
00443b28	FUN_00443b28	43
00443b54	FUN_00443b54	68
00443c08	FUN_00443c08	323
00449858	FUN_00449858	43
00449884	FUN_00449884	39
004498ac	FUN_004498ac	30
004498e4	FUN_004498e4	17
004498f8	FUN_004498f8	7
00449900	FUN_00449900	57
0044993c	FUN_0044993c	57
00449978	FUN_00449978	57
004499b4	FUN_004499b4	57
004499f0	FUN_004499f0	31
00449a10	FUN_00449a10	48
00449a40	FUN_00449a40	56
00449a78	FUN_00449a78	39
00449aa0	FUN_00449aa0	9
00449aac	FUN_00449aac	48
00449adc	FUN_00449adc	209
00449d90	FUN_00449d90	64
00449dd0	FUN_00449dd0	46
00449e54	FUN_00449e54	374
00449fdc	FUN_00449fdc	19
00449ff0	FUN_00449ff0	25
0044a00c	FUN_0044a00c	23
0044a024	FUN_0044a024	57
0044a088	FUN_0044a088	57
0044a14c	FUN_0044a14c	98
0044a458	FUN_0044a458	56
0044a490	FUN_0044a490	138
0044a600	FUN_0044a600	25
0044a654	FUN_0044a654	55
0044a68c	FUN_0044a68c	79
0044a6dc	FUN_0044a6dc	307
0044a82c	FUN_0044a82c	14
0044a83c	FUN_0044a83c	76
0044a888	FUN_0044a888	57
0044a8ec	FUN_0044a8ec	72
0044a934	FUN_0044a934	25
0044a950	FUN_0044a950	61
0044a990	FUN_0044a990	59
0044a9cc	FUN_0044a9cc	18
0044a9e0	FUN_0044a9e0	45
0044aa10	FUN_0044aa10	32
0044aa30	FUN_0044aa30	70
0044aa78	FUN_0044aa78	34
0044aa9c	FUN_0044aa9c	99
0044ab0c	FUN_0044ab0c	74
0044ab5c	FUN_0044ab5c	88
0044abb4	FUN_0044abb4	26
0044abd0	FUN_0044abd0	53
0044ac08	FUN_0044ac08	46
0044ac38	FUN_0044ac38	62
0044aee8	FUN_0044aee8	60
0044af24	FUN_0044af24	25
0044af40	FUN_0044af40	52
0044af74	FUN_0044af74	99
0044afd8	FUN_0044afd8	26
0044aff4	FUN_0044aff4	57
0044b030	FUN_0044b030	24
0044b048	FUN_0044b048	99
0044b0ac	FUN_0044b0ac	32
0044b0cc	FUN_0044b0cc	59
0044b108	FUN_0044b108	32
0044b128	FUN_0044b128	59
0044b164	FUN_0044b164	32
0044b184	FUN_0044b184	59
0044b1c0	FUN_0044b1c0	40
0044b1e8	FUN_0044b1e8	83
0044b23c	FUN_0044b23c	153
0044b2ec	FUN_0044b2ec	20
0044b560	FUN_0044b560	140
0044b5ec	FUN_0044b5ec	360
0044b884	FUN_0044b884	89
0044b930	FUN_0044b930	51
0044b964	FUN_0044b964	78
0044be34	FUN_0044be34	196
0044bf28	FUN_0044bf28	296
0044c054	FUN_0044c054	92
0044c0b0	FUN_0044c0b0	21
0044c0c8	FUN_0044c0c8	112
0044c154	FUN_0044c154	289
0044c4e0	FUN_0044c4e0	100
0044c554	FUN_0044c554	65
0044c5f0	FUN_0044c5f0	20
0044c604	FUN_0044c604	48
0044c634	FUN_0044c634	89
0044c690	FUN_0044c690	10
0044c69c	FUN_0044c69c	10
0044c6fc	FUN_0044c6fc	455
0044ca24	FUN_0044ca24	122
0044caa0	FUN_0044caa0	46
0044cad0	FUN_0044cad0	46
0044cb40	FUN_0044cb40	198
0044ce00	FUN_0044ce00	87
0044ce58	FUN_0044ce58	26
0044cf88	FUN_0044cf88	47
0044cfb8	FUN_0044cfb8	478
0044d1c4	FUN_0044d1c4	84
0044d218	FUN_0044d218	78
0044d2e8	FUN_0044d2e8	72
0044d330	FUN_0044d330	89
0044d38c	FUN_0044d38c	204
0044d4dc	FUN_0044d4dc	59
0044d518	FUN_0044d518	59
0044d554	FUN_0044d554	59
0044d590	FUN_0044d590	59
0044d5cc	FUN_0044d5cc	166
0044d768	FUN_0044d768	234
0044d864	FUN_0044d864	89
0044d994	FUN_0044d994	38
0044d9bc	FUN_0044d9bc	44
0044d9f0	FUN_0044d9f0	42
0044da1c	FUN_0044da1c	53
0044da54	FUN_0044da54	51
0044da88	FUN_0044da88	14
0044da98	FUN_0044da98	16
0044daa8	FUN_0044daa8	16
0044db50	FUN_0044db50	66
0044db94	FUN_0044db94	18
0044dba8	FUN_0044dba8	4
0044dbe4	FUN_0044dbe4	226
0044de30	FUN_0044de30	18
0044df58	FUN_0044df58	75
0044dffc	FUN_0044dffc	39
0044e024	FUN_0044e024	20
0044e05c	FUN_0044e05c	12
0044e068	FUN_0044e068	67
0044e0ac	FUN_0044e0ac	63
0044e108	FUN_0044e108	44
0044e160	FUN_0044e160	78
0044e21c	FUN_0044e21c	7
0044e224	FUN_0044e224	33
0044e248	FUN_0044e248	17
0044e25c	FUN_0044e25c	65
0044e2a0	FUN_0044e2a0	74
0044e2ec	FUN_0044e2ec	26
0044e308	FUN_0044e308	176
0044e3b8	FUN_0044e3b8	46
0044e3e8	FUN_0044e3e8	84
0044e450	FUN_0044e450	92
0044e4c0	FUN_0044e4c0	316
0044e73c	FUN_0044e73c	26
0044e800	FUN_0044e800	60
0044e868	FUN_0044e868	11
0044e874	FUN_0044e874	79
0044e8c4	FUN_0044e8c4	33
0044e8e8	FUN_0044e8e8	9
0044e8f4	FUN_0044e8f4	127
0044e974	FUN_0044e974	39
0044e99c	FUN_0044e99c	28
0044e9b8	FUN_0044e9b8	29
0044e9d8	FUN_0044e9d8	23
0044e9f0	FUN_0044e9f0	391
0044ebb4	FUN_0044ebb4	17
0044f1c0	FUN_0044f1c0	23
0044f1d8	FUN_0044f1d8	34
0044f1fc	FUN_0044f1fc	114
0044f270	FUN_0044f270	17
0044f284	FUN_0044f284	17
0044f298	FUN_0044f298	17
0044f318	FUN_0044f318	479
0044f72c	FUN_0044f72c	139
0044f7e0	FUN_0044f7e0	480
0044f9c8	FUN_0044f9c8	121
0044fa44	FUN_0044fa44	40
0044fa6c	FUN_0044fa6c	113
0044fb54	FUN_0044fb54	269
0044fe88	FUN_0044fe88	29
0044fea8	FUN_0044fea8	242
0044ffa4	FUN_0044ffa4	138
00450030	FUN_00450030	131
004500b4	FUN_004500b4	128
00450200	FUN_00450200	20
00450214	FUN_00450214	20
00450284	FUN_00450284	20
00450298	FUN_00450298	30
004502b8	FUN_004502b8	49
004502ec	FUN_004502ec	48
0045031c	FUN_0045031c	33
00450588	FUN_00450588	11
00450594	FUN_00450594	11
004505a0	FUN_004505a0	63
004505e0	FUN_004505e0	20
00450634	FUN_00450634	132
004506b8	FUN_004506b8	80
00450708	FUN_00450708	37
0045084c	FUN_0045084c	70
00450898	FUN_00450898	289
004517a4	FUN_004517a4	48
004517f4	FUN_004517f4	89
004519dc	FUN_004519dc	123
00451c90	FUN_00451c90	136
00451d34	FUN_00451d34	45
00451d64	FUN_00451d64	56
00451db4	FUN_00451db4	53
00451dec	FUN_00451dec	112
00451e5c	FUN_00451e5c	118
00451ed4	FUN_00451ed4	185
00451f90	FUN_00451f90	12
00451f9c	FUN_00451f9c	17
00451fb4	FUN_00451fb4	32
0045203c	FUN_0045203c	190
00452178	FUN_00452178	98
004521dc	FUN_004521dc	32
004521fc	FUN_004521fc	63
0045223c	FUN_0045223c	335
0045238c	FUN_0045238c	355
004524f0	FUN_004524f0	381
004526b8	FUN_004526b8	287
004529c0	FUN_004529c0	119
00452a38	FUN_00452a38	117
00452e8c	FUN_00452e8c	58
00452f7c	FUN_00452f7c	114
004530a4	FUN_004530a4	59
004530e0	FUN_004530e0	77
004531a4	FUN_004531a4	98
004532dc	FUN_004532dc	101
00453444	FUN_00453444	492
00453630	FUN_00453630	643
004538b4	FUN_004538b4	146
004539a0	FUN_004539a0	103
00453a08	FUN_00453a08	151
00453aa0	FUN_00453aa0	49
00453af8	FUN_00453af8	94
00453b58	FUN_00453b58	25
00453b94	FUN_00453b94	99
00453bf8	FUN_00453bf8	61
00453c84	FUN_00453c84	116
00453dec	FUN_00453dec	27
00453e3c	FUN_00453e3c	33
00453eac	FUN_00453eac	32
00453ecc	FUN_00453ecc	32
00453eec	FUN_00453eec	90
00453ff0	FUN_00453ff0	279
00454164	FUN_00454164	298
00454298	FUN_00454298	111
00454310	FUN_00454310	216
004543e8	FUN_004543e8	47
00454418	FUN_00454418	47
00454448	FUN_00454448	459
00454634	FUN_00454634	455
0045481c	FUN_0045481c	228
00454924	FUN_00454924	214
00454a20	FUN_00454a20	206
00454b24	FUN_00454b24	94
00454b84	FUN_00454b84	67
00454bc8	FUN_00454bc8	10
00454bd4	FUN_00454bd4	229
00454ccc	FUN_00454ccc	243
00454dc8	FUN_00454dc8	121
00454e44	FUN_00454e44	42
00454e70	FUN_00454e70	42
00454e9c	FUN_00454e9c	42
00454ec8	FUN_00454ec8	65
00454f14	FUN_00454f14	7
00454f1c	FUN_00454f1c	7
00454f24	FUN_00454f24	57
00454f60	FUN_00454f60	15
00454f70	FUN_00454f70	330
004550bc	FUN_004550bc	192
004552a0	FUN_004552a0	50
00455374	FUN_00455374	25
004553ac	FUN_004553ac	12
004553b8	FUN_004553b8	104
00455420	FUN_00455420	18
00455434	FUN_00455434	56
004556ac	FUN_004556ac	261
00455914	FUN_00455914	146
00455a4c	FUN_00455a4c	68
00455f10	FUN_00455f10	93
00455fa8	FUN_00455fa8	100
0045600c	FUN_0045600c	52
004560e4	FUN_004560e4	253
004562e4	FUN_004562e4	90
004564c8	FUN_004564c8	33
00456584	FUN_00456584	30
004566cc	FUN_004566cc	50
004567a4	FUN_004567a4	67
004567e8	FUN_004567e8	60
00456824	FUN_00456824	9
00456830	FUN_00456830	33
0045696c	FUN_0045696c	111
00456c14	FUN_00456c14	30
00456c34	FUN_00456c34	75
00456cb4	FUN_00456cb4	64
00456cf4	FUN_00456cf4	24
00456d20	FUN_00456d20	46
00456d50	FUN_00456d50	18
00456d64	FUN_00456d64	77
00456db4	FUN_00456db4	75
00456e00	FUN_00456e00	67
00456e44	FUN_00456e44	71
00456e8c	FUN_00456e8c	101
00456ef4	FUN_00456ef4	131
00456fb4	FUN_00456fb4	153
00457050	FUN_00457050	189
00457160	FUN_00457160	648
00457658	FUN_00457658	26
0045b544	FUN_0045b544	24
0045b76c	FUN_0045b76c	144
0045b818	FUN_0045b818	342
0045b988	FUN_0045b988	252
0045ba84	FUN_0045ba84	25
0045bb70	FUN_0045bb70	26
0045bba8	FUN_0045bba8	10
0045bbe4	FUN_0045bbe4	64
0045bc28	FUN_0045bc28	26
0045bc44	FUN_0045bc44	39
0045bc6c	FUN_0045bc6c	45
0045bcd0	FUN_0045bcd0	141
0045bd6c	FUN_0045bd6c	36
0045bd90	FUN_0045bd90	36
0045bdb4	FUN_0045bdb4	158
0045be90	FUN_0045be90	33
0045bedc	FUN_0045bedc	46
0045bf20	FUN_0045bf20	53
0045bf58	FUN_0045bf58	54
0045bf90	FUN_0045bf90	125
0045c018	FUN_0045c018	59
0045c12c	FUN_0045c12c	23
0045c148	FUN_0045c148	27
0045c164	FUN_0045c164	138
0045c200	FUN_0045c200	149
0045c29c	FUN_0045c29c	180
0045c3c8	FUN_0045c3c8	63
0045c46c	FUN_0045c46c	25
0045c488	FUN_0045c488	56
0045c4c4	FUN_0045c4c4	168
0045c56c	FUN_0045c56c	36
0045c63c	FUN_0045c63c	37
0045c6c0	FUN_0045c6c0	53
0045c714	FUN_0045c714	109
0045c7c8	FUN_0045c7c8	115
0045c83c	FUN_0045c83c	235
0045ca4c	FUN_0045ca4c	201
0045cb24	FUN_0045cb24	144
0045cbb4	FUN_0045cbb4	48
0045cbe4	FUN_0045cbe4	100
0045cc48	FUN_0045cc48	201
0045cdb8	FUN_0045cdb8	21
0045ce6c	FUN_0045ce6c	28
0045ce88	FUN_0045ce88	102
0045cf7c	FUN_0045cf7c	100
0045d16c	FUN_0045d16c	235
0045d260	FUN_0045d260	91
0045d2bc	FUN_0045d2bc	38
0045d30c	FUN_0045d30c	30
0045d32c	FUN_0045d32c	33
0045d350	FUN_0045d350	69
0045d4e8	FUN_0045d4e8	38
0045d63c	FUN_0045d63c	704
0045d918	FUN_0045d918	267
0045da28	FUN_0045da28	312
0045dbb8	FUN_0045dbb8	169
0045dd3c	FUN_0045dd3c	55
0045dd74	FUN_0045dd74	150
0045df24	FUN_0045df24	7
0045df2c	FUN_0045df2c	73
0045df84	FUN_0045df84	129
0045e008	FUN_0045e008	59
0045e058	FUN_0045e058	57
0045e120	FUN_0045e120	319
0045e260	FUN_0045e260	78
0045e304	FUN_0045e304	44
0045e330	FUN_0045e330	188
0045e7c0	FUN_0045e7c0	437
0045e9a8	FUN_0045e9a8	214
0045eaac	FUN_0045eaac	117
0045eb80	FUN_0045eb80	560
0045ee7c	FUN_0045ee7c	81
0045eed0	FUN_0045eed0	72
0045ef18	FUN_0045ef18	6
0045ef24	FUN_0045ef24	32
0045f038	FUN_0045f038	34
0045f070	FUN_0045f070	94
0045f0d4	FUN_0045f0d4	35
0045f0fc	FUN_0045f0fc	82
0045f150	FUN_0045f150	52
0045f184	FUN_0045f184	50
0045f1ec	FUN_0045f1ec	105
0045f2e0	FUN_0045f2e0	81
0045f3ac	FUN_0045f3ac	101
0045f4cc	FUN_0045f4cc	81
0045f670	FUN_0045f670	92
0045f6d8	FUN_0045f6d8	42
0045f718	FUN_0045f718	187
0045f7d4	FUN_0045f7d4	137
0045facc	FUN_0045facc	57
0045fcec	FUN_0045fcec	181
0045fdbc	FUN_0045fdbc	37
0045fde4	FUN_0045fde4	18
0045ff18	FUN_0045ff18	123
0045ffa0	FUN_0045ffa0	248
004600ec	FUN_004600ec	21
004601a0	FUN_004601a0	246
0046056c	FUN_0046056c	25
00460588	FUN_00460588	118
00460610	FUN_00460610	3
00460614	FUN_00460614	26
00460630	FUN_00460630	92
0046068c	FUN_0046068c	125
00460718	FUN_00460718	72
0046078c	FUN_0046078c	110
00460804	FUN_00460804	82
00462f94	FUN_00462f94	19
00462fa8	FUN_00462fa8	183
00463060	FUN_00463060	49
00463094	FUN_00463094	90
004630f0	FUN_004630f0	39
004632d4	FUN_004632d4	56
00463318	FUN_00463318	56
0046335c	FUN_0046335c	81
004633b0	FUN_004633b0	40
004633d8	FUN_004633d8	66
00463484	FUN_00463484	49
004634b8	FUN_004634b8	38
004634e0	FUN_004634e0	89
00463570	FUN_00463570	99
004635d4	FUN_004635d4	61
00463614	FUN_00463614	24
0046362c	FUN_0046362c	7
0046365c	FUN_0046365c	17
00463770	FUN_00463770	21
00463804	FUN_00463804	35
00463828	FUN_00463828	41
0046391c	FUN_0046391c	100
00463a0c	FUN_00463a0c	33
00463a30	FUN_00463a30	36
00463a54	FUN_00463a54	122
00463af8	FUN_00463af8	9
00463b7c	FUN_00463b7c	408
00463d14	FUN_00463d14	65
00463d58	FUN_00463d58	345
00463eb4	FUN_00463eb4	93
00463f14	FUN_00463f14	85
00463f6c	FUN_00463f6c	96
00463fcc	FUN_00463fcc	44
00463ff8	FUN_00463ff8	77
00464048	FUN_00464048	59
00464084	FUN_00464084	147
00464118	FUN_00464118	718
004643e8	FUN_004643e8	368
00464558	FUN_00464558	428
0046471c	FUN_0046471c	114
00464790	FUN_00464790	607
00464a68	FUN_00464a68	24
00464a80	FUN_00464a80	50
00464ab4	FUN_00464ab4	71
00464afc	FUN_00464afc	37
00464b24	FUN_00464b24	31
00464b44	FUN_00464b44	47
00464b74	FUN_00464b74	151
00464c30	FUN_00464c30	151
00464d08	FUN_00464d08	159
00464db0	FUN_00464db0	50
00464de4	FUN_00464de4	24
00464dfc	FUN_00464dfc	41
00464e28	FUN_00464e28	60
00464f4c	FUN_00464f4c	25
00465058	FUN_00465058	103
00465100	FUN_00465100	55
00465138	FUN_00465138	50
00465244	FUN_00465244	100
004652c8	FUN_004652c8	30
00465308	FUN_00465308	207
004653e0	FUN_004653e0	178
004654d4	FUN_004654d4	117
0046555c	FUN_0046555c	31
0046557c	FUN_0046557c	123
004655f8	FUN_004655f8	22
00465644	FUN_00465644	145
004656d8	FUN_004656d8	65
0046571c	FUN_0046571c	168
004657c4	FUN_004657c4	150
0046585c	FUN_0046585c	280
00465978	FUN_00465978	35
0046599c	FUN_0046599c	37
004659c4	FUN_004659c4	35
004659e8	FUN_004659e8	35
00465a0c	FUN_00465a0c	251
00465b18	FUN_00465b18	85
00465b70	FUN_00465b70	20
00465b84	FUN_00465b84	35
00465ba8	FUN_00465ba8	30
00465bc8	FUN_00465bc8	42
00465c0c	FUN_00465c0c	24
00465c24	FUN_00465c24	41
00465c50	FUN_00465c50	24
00465c68	FUN_00465c68	39
00465c90	FUN_00465c90	129
00465d20	FUN_00465d20	44
00465d4c	FUN_00465d4c	44
00465d78	FUN_00465d78	46
00465da8	FUN_00465da8	99
00465e14	FUN_00465e14	14
00465e24	FUN_00465e24	417
00465ff0	FUN_00465ff0	150
00466094	FUN_00466094	72
004660dc	FUN_004660dc	75
00466128	FUN_00466128	59
0046617c	FUN_0046617c	15
0046618c	FUN_0046618c	12
00466198	FUN_00466198	17
004661ac	FUN_004661ac	17
004661c0	FUN_004661c0	34
004661e4	FUN_004661e4	36
00466208	FUN_00466208	47
00466238	FUN_00466238	85
004662b8	FUN_004662b8	66
004662fc	FUN_004662fc	13
00466334	FUN_00466334	35
00466358	FUN_00466358	36
0046637c	FUN_0046637c	41
004663a8	FUN_004663a8	27
004663cc	FUN_004663cc	35
004663f0	FUN_004663f0	35
00466414	FUN_00466414	25
00466430	FUN_00466430	15
00466440	FUN_00466440	40
00466468	FUN_00466468	14
00466478	FUN_00466478	14
00466488	FUN_00466488	126
0046652c	FUN_0046652c	150
004665d4	FUN_004665d4	139
00466660	FUN_00466660	138
004666fc	FUN_004666fc	65
00466754	FUN_00466754	9
0046685c	FUN_0046685c	24
0046688c	FUN_0046688c	26
004668c0	FUN_004668c0	194
00466988	FUN_00466988	10
00466a1c	FUN_00466a1c	42
00466b18	FUN_00466b18	18
00466b78	FUN_00466b78	195
00466c3c	FUN_00466c3c	73
00466c88	FUN_00466c88	73
00466f18	FUN_00466f18	471
004670f8	FUN_004670f8	147
0046719c	FUN_0046719c	46
004671cc	FUN_004671cc	105
00467238	FUN_00467238	48
00467268	FUN_00467268	46
00467298	FUN_00467298	43
004672f8	FUN_004672f8	211
004673cc	FUN_004673cc	49
00467400	FUN_00467400	112
00467470	FUN_00467470	34
00467494	FUN_00467494	1
00467498	FUN_00467498	402
0046762c	FUN_0046762c	129
004676d4	FUN_004676d4	47
00467704	FUN_00467704	58
00467754	FUN_00467754	108
004677e0	FUN_004677e0	54
00467818	FUN_00467818	132
0046789c	FUN_0046789c	70
004678e8	FUN_004678e8	27
00467904	FUN_00467904	78
0046795c	FUN_0046795c	155
00467a98	FUN_00467a98	48
00467ac8	FUN_00467ac8	120
00467b40	FUN_00467b40	54
00467b78	FUN_00467b78	53
00467bb0	FUN_00467bb0	117
00467d00	FUN_00467d00	166
00467de0	FUN_00467de0	6
00467de8	FUN_00467de8	6
00467df0	FUN_00467df0	46
00467ea0	FUN_00467ea0	29
00467ee8	FUN_00467ee8	46
00467f44	FUN_00467f44	23
00467f5c	FUN_00467f5c	23
00467f7c	FUN_00467f7c	131
00468000	FUN_00468000	137
004680ec	FUN_004680ec	238
0046820c	FUN_0046820c	6
00468234	FUN_00468234	32
00468254	FUN_00468254	32
00468274	FUN_00468274	32
00468294	FUN_00468294	32
004682b4	FUN_004682b4	32
004682d4	FUN_004682d4	54
0046830c	FUN_0046830c	156
004684a4	FUN_004684a4	44
004684f8	FUN_004684f8	63
00468538	FUN_00468538	25
00468564	FUN_00468564	42
004686b8	FUN_004686b8	50
004686ec	FUN_004686ec	9
004686f8	FUN_004686f8	34
0046872c	FUN_0046872c	248
00468850	FUN_00468850	205
00468920	FUN_00468920	202
004689f4	FUN_004689f4	64
00468a6c	FUN_00468a6c	1
00468a70	FUN_00468a70	112
00468afc	FUN_00468afc	869
00468f3c	FUN_00468f3c	362
004690ac	FUN_004690ac	79
00469100	FUN_00469100	252
00469204	FUN_00469204	140
00469298	FUN_00469298	8
004692a0	FUN_004692a0	29
004692c0	FUN_004692c0	8
004692c8	FUN_004692c8	197
0046939c	FUN_0046939c	238
004694dc	thunk_FUN_004694e1	2
004694e1	FUN_004694e1	17
004694f0	FUN_004694f0	29
00469510	FUN_00469510	74
0046955c	FUN_0046955c	72
004695a4	FUN_004695a4	210
00469678	FUN_00469678	123
004696f4	FUN_004696f4	60
00469730	FUN_00469730	31
00469750	FUN_00469750	64
00469790	FUN_00469790	38
004697b8	FUN_004697b8	107
00469824	FUN_00469824	101
0046988c	FUN_0046988c	286
004699b8	FUN_004699b8	449
00469b88	FUN_00469b88	62
00469c54	FUN_00469c54	20
00469c68	FUN_00469c68	212
00469d40	FUN_00469d40	69
00469d9c	FUN_00469d9c	84
00469df4	FUN_00469df4	77
00469e58	FUN_00469e58	71
00469ea0	FUN_00469ea0	150
00469f3c	FUN_00469f3c	26
00469f58	FUN_00469f58	71
00469fa0	FUN_00469fa0	24
00469fb8	FUN_00469fb8	61
00469ff8	FUN_00469ff8	221
0046a0f4	FUN_0046a0f4	62
0046a134	FUN_0046a134	135
0046a1bc	FUN_0046a1bc	71
0046a234	FUN_0046a234	182
0046a2ec	FUN_0046a2ec	147
0046a380	FUN_0046a380	147
0046a414	FUN_0046a414	355
0046a578	FUN_0046a578	262
0046a680	FUN_0046a680	51
0046a6b4	FUN_0046a6b4	288
0046a80c	FUN_0046a80c	560
0046aa3c	FUN_0046aa3c	340
0046ab90	FUN_0046ab90	345
0046ada4	FUN_0046ada4	32
0046ae54	FUN_0046ae54	135
0046aedc	FUN_0046aedc	189
0046afec	FUN_0046afec	49
0046b034	FUN_0046b034	255
0046b134	FUN_0046b134	19
0046b148	FUN_0046b148	19
0046b184	FUN_0046b184	223
0046b270	FUN_0046b270	138
0046b308	FUN_0046b308	14
0046b318	FUN_0046b318	1
0046b31c	FUN_0046b31c	29
0046b33c	FUN_0046b33c	29
0046b3ac	FUN_0046b3ac	50
0046b420	FUN_0046b420	88
0046b478	FUN_0046b478	36
0046b49c	FUN_0046b49c	17
0046b4b0	FUN_0046b4b0	34
0046b530	FUN_0046b530	58
0046b5dc	FUN_0046b5dc	168
0046b694	FUN_0046b694	201
0046b780	FUN_0046b780	38
0046b82c	FUN_0046b82c	40
0046b854	FUN_0046b854	101
0046b8bc	FUN_0046b8bc	42
0046b914	FUN_0046b914	40
0046b93c	FUN_0046b93c	101
0046b9a4	FUN_0046b9a4	31
0046b9e4	FUN_0046b9e4	31
0046ba04	FUN_0046ba04	100
0046ba68	FUN_0046ba68	31
0046ba88	FUN_0046ba88	173
0046bc00	FUN_0046bc00	50
0046bca4	FUN_0046bca4	33
0046bcc8	FUN_0046bcc8	85
0046bd44	FUN_0046bd44	30
0046bd7c	FUN_0046bd7c	53
0046be7c	FUN_0046be7c	6
0046be84	FUN_0046be84	6
0046be8c	FUN_0046be8c	6
0046be94	FUN_0046be94	45
0046beec	FUN_0046beec	72
0046bf34	FUN_0046bf34	37
0046bf5c	FUN_0046bf5c	58
0046bfd8	FUN_0046bfd8	61
0046c018	FUN_0046c018	62
0046c114	FUN_0046c114	18
0046c144	FUN_0046c144	148
0046c1d8	FUN_0046c1d8	225
0046c3ec	FUN_0046c3ec	215
0046c4c4	FUN_0046c4c4	69
0046c50c	FUN_0046c50c	158
0046c5b8	FUN_0046c5b8	166
0046c660	FUN_0046c660	216
0046c738	FUN_0046c738	22
0046c750	FUN_0046c750	215
0046c8dc	FUN_0046c8dc	22
0046c8f4	thunk_FUN_0046c8f8	2
0046c8f8	FUN_0046c8f8	29
0046c924	FUN_0046c924	144
0046c9b4	FUN_0046c9b4	28
0046c9d0	FUN_0046c9d0	22
0046c9e8	FUN_0046c9e8	56
0046ca98	FUN_0046ca98	33
0046cabc	FUN_0046cabc	36
0046cae0	FUN_0046cae0	18
0046cba8	FUN_0046cba8	23
0046cbc0	FUN_0046cbc0	64
0046cc00	FUN_0046cc00	29
0046cc20	FUN_0046cc20	36
0046cc7c	FUN_0046cc7c	33
0046cca0	FUN_0046cca0	89
0046ccfc	FUN_0046ccfc	22
0046cd14	FUN_0046cd14	93
0046cd74	FUN_0046cd74	100
0046cde4	FUN_0046cde4	11
0046cdf0	FUN_0046cdf0	181
0046cf08	FUN_0046cf08	246
0046d040	FUN_0046d040	67
0046d084	FUN_0046d084	70
0046d0cc	FUN_0046d0cc	64
0046d114	FUN_0046d114	129
0046d198	FUN_0046d198	971
0046d5b0	FUN_0046d5b0	64
0046d5f0	FUN_0046d5f0	6
0046d628	FUN_0046d628	313
0046dc4c	FUN_0046dc4c	99
0046dce0	FUN_0046dce0	8
0046dce8	FUN_0046dce8	57
0046dd28	FUN_0046dd28	91
0046dd84	FUN_0046dd84	63
0046ddc4	FUN_0046ddc4	124
0046de6c	FUN_0046de6c	1
0046de70	FUN_0046de70	105
0046dfac	FUN_0046dfac	153
0046e0b8	FUN_0046e0b8	6
0046e158	FUN_0046e158	473
0046e340	FUN_0046e340	38
0046e368	FUN_0046e368	89
0046e454	FUN_0046e454	64
0046e494	FUN_0046e494	22
0046e4ac	FUN_0046e4ac	197
0046e578	FUN_0046e578	70
0046e5c0	FUN_0046e5c0	22
0046e604	FUN_0046e604	96
0046e664	FUN_0046e664	97
0046e6c8	FUN_0046e6c8	36
0046e6ec	FUN_0046e6ec	67
0046e730	FUN_0046e730	23
0046e748	FUN_0046e748	23
0046e760	FUN_0046e760	69
0046e7a8	FUN_0046e7a8	91
0046e804	FUN_0046e804	48
0046e834	FUN_0046e834	30
0046e900	FUN_0046e900	1
0046e904	FUN_0046e904	27
0046e920	FUN_0046e920	33
0046e944	FUN_0046e944	35
0046e968	FUN_0046e968	20
0046e97c	FUN_0046e97c	26
0046e998	FUN_0046e998	52
0046e9cc	FUN_0046e9cc	71
0046ea14	FUN_0046ea14	71
0046ea5c	FUN_0046ea5c	107
0046eac8	FUN_0046eac8	176
0046eb78	FUN_0046eb78	167
0046ec20	FUN_0046ec20	67
0046ec64	FUN_0046ec64	122
0046ece8	FUN_0046ece8	48
0046ed18	FUN_0046ed18	374
0046ee90	FUN_0046ee90	39
0046eeb8	FUN_0046eeb8	4
0046eebc	FUN_0046eebc	15
0046eecc	FUN_0046eecc	57
0046ef08	FUN_0046ef08	93
0046ef68	FUN_0046ef68	9
0046ef74	FUN_0046ef74	28
0046ef90	FUN_0046ef90	9
0046f16c	FUN_0046f16c	4
0046f170	FUN_0046f170	20
0046f184	FUN_0046f184	85
0046f1dc	FUN_0046f1dc	43
0046f208	FUN_0046f208	58
0046f244	FUN_0046f244	23
0046f25c	FUN_0046f25c	113
0046f4f0	FUN_0046f4f0	421
0046f698	FUN_0046f698	119
0046f710	FUN_0046f710	556
0046f93c	FUN_0046f93c	148
0046f9d0	FUN_0046f9d0	133
0046fa58	FUN_0046fa58	71
0046faa0	FUN_0046faa0	475
0046fca8	FUN_0046fca8	85
0046fd00	FUN_0046fd00	135
0046fd88	FUN_0046fd88	218
0047013c	FUN_0047013c	50
00470170	FUN_00470170	89
00470208	FUN_00470208	621
00470484	FUN_00470484	220
0047059c	FUN_0047059c	107
00470614	FUN_00470614	175
00470818	FUN_00470818	133
004708a0	FUN_004708a0	43
00470914	FUN_00470914	93
00470974	FUN_00470974	124
004709f0	FUN_004709f0	38
00470a28	FUN_00470a28	233
00470b14	FUN_00470b14	144
00470ba4	FUN_00470ba4	80
00470bf4	FUN_00470bf4	124
00470c70	FUN_00470c70	127
00470cf0	FUN_00470cf0	312
00470e28	FUN_00470e28	133
00470eb0	FUN_00470eb0	142
00471328	FUN_00471328	142
004713e8	FUN_004713e8	6
004713f0	FUN_004713f0	16
00471400	FUN_00471400	25
0047141c	FUN_0047141c	46
0047144c	FUN_0047144c	39
00471474	FUN_00471474	37
0047149c	FUN_0047149c	97
00471500	FUN_00471500	362
00471768	FUN_00471768	27
00471784	FUN_00471784	217
00471860	FUN_00471860	20
00471874	FUN_00471874	134
004718fc	FUN_004718fc	376
00472638	FUN_00472638	51
0047266c	FUN_0047266c	21
004726a8	FUN_004726a8	49
004726dc	FUN_004726dc	71
00472750	FUN_00472750	40
00472958	FUN_00472958	47
00472988	FUN_00472988	19
0047299c	FUN_0047299c	7
004729e4	FUN_004729e4	71
00472a2c	FUN_00472a2c	31
00472a4c	FUN_00472a4c	28
00472a68	FUN_00472a68	102
00472ad0	FUN_00472ad0	140
00472c3c	FUN_00472c3c	19
00472c50	FUN_00472c50	19
00472c64	FUN_00472c64	19
00472c78	FUN_00472c78	19
00472c8c	FUN_00472c8c	19
00472ca0	FUN_00472ca0	19
00472cb4	FUN_00472cb4	19
00472cc8	FUN_00472cc8	19
00472cdc	FUN_00472cdc	19
00472cf0	FUN_00472cf0	19
00472d34	FUN_00472d34	82
00472d88	FUN_00472d88	79
00472dd8	FUN_00472dd8	172
00472e84	FUN_00472e84	94
00472ee4	FUN_00472ee4	95
00472f44	FUN_00472f44	254
0047304c	FUN_0047304c	117
00473174	FUN_00473174	102
00473234	FUN_00473234	95
00473294	FUN_00473294	91
004732f0	FUN_004732f0	97
00473354	FUN_00473354	93
00473488	FUN_00473488	38
00473540	FUN_00473540	57
0047357c	FUN_0047357c	65
004737f8	FUN_004737f8	30
00473818	FUN_00473818	30
00473884	FUN_00473884	81
004738d8	FUN_004738d8	106
00473944	FUN_00473944	173
004739fc	FUN_004739fc	8
00473a04	FUN_00473a04	12
00473a10	FUN_00473a10	161
00473ad4	FUN_00473ad4	55
00473b94	FUN_00473b94	43
00473bc0	FUN_00473bc0	16
00473bd0	FUN_00473bd0	15
00473be0	FUN_00473be0	81
00473c34	FUN_00473c34	53
00473c6c	FUN_00473c6c	147
00473d0c	FUN_00473d0c	146
00473dd8	FUN_00473dd8	248
00473ef4	FUN_00473ef4	101
00473f5c	FUN_00473f5c	33
00473f80	FUN_00473f80	467
004741a8	FUN_004741a8	127
00474234	FUN_00474234	9
00474240	FUN_00474240	53
00474278	FUN_00474278	39
004742a0	FUN_004742a0	468
00474474	FUN_00474474	34
00474498	FUN_00474498	76
004744e4	FUN_004744e4	351
0047468c	FUN_0047468c	32
0047481c	FUN_0047481c	108
00474894	FUN_00474894	24
004748ac	FUN_004748ac	16
004748bc	FUN_004748bc	77
0047490c	FUN_0047490c	66
00474950	FUN_00474950	18
00474964	FUN_00474964	66
004749a8	FUN_004749a8	201
00474a98	FUN_00474a98	90
00474b4c	FUN_00474b4c	586
00474de0	FUN_00474de0	96
00475178	FUN_00475178	4
0047517c	FUN_0047517c	31
00476150	FUN_00476150	47
00476180	FUN_00476180	5
00476188	FUN_00476188	28
004761a8	FUN_004761a8	56
004761e0	FUN_004761e0	84
00476234	FUN_00476234	489
00476438	FUN_00476438	92
00476494	FUN_00476494	219
0047658c	FUN_0047658c	32
004765ac	FUN_004765ac	96
0047660c	FUN_0047660c	261
00476758	FUN_00476758	54
004767c0	FUN_004767c0	47
004767f0	FUN_004767f0	47
00476820	FUN_00476820	52
00476854	FUN_00476854	59
00476890	FUN_00476890	50
004768f8	FUN_004768f8	50
00476aa0	FUN_00476aa0	121
00476bd0	FUN_00476bd0	603
00476e70	FUN_00476e70	111
00476ee0	FUN_00476ee0	74
00476f38	FUN_00476f38	57
00476f74	FUN_00476f74	60
00476fb0	FUN_00476fb0	206
00477080	FUN_00477080	96
004770e0	FUN_004770e0	73
0047712c	FUN_0047712c	42
00477170	FUN_00477170	484
004773c0	FUN_004773c0	2273
00477cc8	FUN_00477cc8	2305
004785f0	FUN_004785f0	306
00478724	FUN_00478724	46
00478754	FUN_00478754	73
004787a0	FUN_004787a0	482
004789b4	FUN_004789b4	40
004789dc	FUN_004789dc	72
00478a24	FUN_00478a24	82
00478a78	FUN_00478a78	119
00478af0	FUN_00478af0	65
00478b34	FUN_00478b34	14
00478b4c	FUN_00478b4c	14
00478b5c	FUN_00478b5c	35
00478b80	FUN_00478b80	18
00478b94	FUN_00478b94	16
00478ba4	FUN_00478ba4	16
00478cd8	FUN_00478cd8	179
00478d8c	FUN_00478d8c	115
00478e00	FUN_00478e00	175
00478eb0	FUN_00478eb0	24
00478ee4	FUN_00478ee4	40
00478f0c	FUN_00478f0c	66
00478f50	FUN_00478f50	87
00478fa8	FUN_00478fa8	39
00478fd0	FUN_00478fd0	109
00479074	FUN_00479074	44
00479108	thunk_FUN_0047910c	2
0047910c	FUN_0047910c	13
00479118	FUN_00479118	41
00479288	FUN_00479288	32
004792a8	FUN_004792a8	32
004792c8	FUN_004792c8	32
004792e8	FUN_004792e8	32
00479308	FUN_00479308	32
00479328	FUN_00479328	32
00479348	FUN_00479348	32
00479368	FUN_00479368	32
00479388	FUN_00479388	32
004793a8	FUN_004793a8	120
00479420	FUN_00479420	81
00479474	FUN_00479474	58
004794bc	FUN_004794bc	39
004794e4	FUN_004794e4	17
004794f8	FUN_004794f8	46
00479528	FUN_00479528	129
004795ac	FUN_004795ac	290
0047970c	FUN_0047970c	1176
00479be4	FUN_00479be4	21
00479c08	FUN_00479c08	327
00479d60	FUN_00479d60	44
00479d8c	FUN_00479d8c	44
00479db8	FUN_00479db8	156
00479e54	FUN_00479e54	53
00479ea8	FUN_00479ea8	9
00479ef0	FUN_00479ef0	24
00479f08	FUN_00479f08	150
00479fa0	FUN_00479fa0	47
00479fd0	FUN_00479fd0	109
0047a040	FUN_0047a040	28
0047a05c	FUN_0047a05c	197
0047a124	FUN_0047a124	18
0047a138	thunk_FUN_0047a13e	2
0047a13e	FUN_0047a13e	13
0047a148	FUN_0047a148	307
0047a3c0	FUN_0047a3c0	187
0047a47c	FUN_0047a47c	157
0047a51c	FUN_0047a51c	130
0047a5b0	FUN_0047a5b0	116
0047a62c	FUN_0047a62c	56
0047a664	FUN_0047a664	23
0047a67c	FUN_0047a67c	23
0047a694	FUN_0047a694	49
0047a6dc	FUN_0047a6dc	58
0047a744	FUN_0047a744	24
0047a75c	FUN_0047a75c	90
0047a7b8	FUN_0047a7b8	213
0047a8a0	FUN_0047a8a0	376
0047aa18	FUN_0047aa18	167
0047aac0	FUN_0047aac0	18
0047aae4	FUN_0047aae4	37
0047ab0c	FUN_0047ab0c	42
0047ab98	FUN_0047ab98	88
0047abf0	FUN_0047abf0	27
0047ac0c	FUN_0047ac0c	26
0047ac28	FUN_0047ac28	42
0047ac64	FUN_0047ac64	75
0047acb0	FUN_0047acb0	77
0047ad00	FUN_0047ad00	9
0047ad58	FUN_0047ad58	1222
0047b29c	FUN_0047b29c	38
0047b2c4	FUN_0047b2c4	26
0047b2e0	FUN_0047b2e0	116
0047b354	FUN_0047b354	49
0047b39c	FUN_0047b39c	7
0047b3ac	FUN_0047b3ac	71
0047b3f4	FUN_0047b3f4	73
0047b440	FUN_0047b440	180
0047b4f4	FUN_0047b4f4	59
0047b530	FUN_0047b530	230
0047b618	FUN_0047b618	148
0047b6ac	FUN_0047b6ac	99
0047b710	FUN_0047b710	89
0047dffc	FUN_0047dffc	6
0047e004	FUN_0047e004	6
0047e00c	FUN_0047e00c	74
0047e058	FUN_0047e058	53
0047e0e0	FUN_0047e0e0	138
0047e194	FUN_0047e194	55
0047e1cc	FUN_0047e1cc	97
0047e230	FUN_0047e230	58
0047e26c	FUN_0047e26c	32
0047e28c	FUN_0047e28c	32
0047e2ac	FUN_0047e2ac	42
0047e358	FUN_0047e358	18
0047e36c	FUN_0047e36c	6
0047e374	FUN_0047e374	80
0047e3c8	FUN_0047e3c8	56
0047e404	FUN_0047e404	69
0047e450	FUN_0047e450	94
0047e4c0	FUN_0047e4c0	39
0047e4e8	FUN_0047e4e8	113
0047e568	FUN_0047e568	136
0047e648	FUN_0047e648	55
0047e680	FUN_0047e680	99
0047e6ec	FUN_0047e6ec	93
0047e754	FUN_0047e754	171
0047e800	FUN_0047e800	56
0047e838	FUN_0047e838	50
0047e86c	FUN_0047e86c	124
0047e8e8	FUN_0047e8e8	127
0047e968	FUN_0047e968	22
0047e9e0	FUN_0047e9e0	472
0047ed50	FUN_0047ed50	193
0047ee88	FUN_0047ee88	23
0047eea0	FUN_0047eea0	20
0047eecc	FUN_0047eecc	264
0047efd4	FUN_0047efd4	279
0047f0ec	FUN_0047f0ec	116
0047f164	FUN_0047f164	59
0047f1a0	FUN_0047f1a0	16
0047f1b0	FUN_0047f1b0	62
0047f1f0	FUN_0047f1f0	31
0047f348	FUN_0047f348	36
0047f36c	FUN_0047f36c	58
0047f3c8	FUN_0047f3c8	238
0047f4d8	FUN_0047f4d8	337
0047f62c	FUN_0047f62c	164
0047f6d0	FUN_0047f6d0	35
0047f81c	FUN_0047f81c	111
0047f88c	FUN_0047f88c	97
0047fa14	FUN_0047fa14	294
0047fba0	FUN_0047fba0	53
0047fbd8	FUN_0047fbd8	369
0047fdbc	FUN_0047fdbc	202
0047fea0	FUN_0047fea0	93
0047ff1c	FUN_0047ff1c	71
0047ff7c	FUN_0047ff7c	60
0047ffb8	FUN_0047ffb8	266
0048044c	FUN_0048044c	22
00480588	FUN_00480588	50
00480710	FUN_00480710	43
0048073c	FUN_0048073c	146
004807f8	FUN_004807f8	43
00480828	FUN_00480828	43
00480858	FUN_00480858	66
00480db4	FUN_00480db4	74
00480e00	FUN_00480e00	62
0048108c	FUN_0048108c	149
004811ac	FUN_004811ac	43
004811d8	FUN_004811d8	55
00481210	FUN_00481210	68
00481254	FUN_00481254	84
004812a8	FUN_004812a8	51
004812dc	FUN_004812dc	75
00481328	FUN_00481328	79
00481378	FUN_00481378	47
004813a8	FUN_004813a8	231
00481490	FUN_00481490	7
004814a4	FUN_004814a4	6
004814d4	FUN_004814d4	126
00481554	FUN_00481554	121
004815d0	FUN_004815d0	33
004815f4	FUN_004815f4	39
0048161c	FUN_0048161c	454
004817f0	FUN_004817f0	19
00481838	FUN_00481838	26
00481854	FUN_00481854	11
00481860	FUN_00481860	46
004818b4	FUN_004818b4	22
00481914	FUN_00481914	30
00481950	FUN_00481950	63
00481990	FUN_00481990	852
00481ce4	FUN_00481ce4	353
00481f00	FUN_00481f00	310
0048217c	FUN_0048217c	66
00482224	FUN_00482224	168
004822dc	FUN_004822dc	69
00482324	FUN_00482324	34
004825dc	FUN_004825dc	77
0048262c	FUN_0048262c	100
00482690	FUN_00482690	80
004826e0	FUN_004826e0	166
00482788	FUN_00482788	73
00482804	FUN_00482804	47
00482834	FUN_00482834	29
00482854	FUN_00482854	26
004829cc	FUN_004829cc	121
00482aac	FUN_00482aac	53
00482af8	FUN_00482af8	249
00482c28	FUN_00482c28	141
00482e44	FUN_00482e44	29
004830ec	FUN_004830ec	61
00483bc4	FUN_00483bc4	161
00483ccc	FUN_00483ccc	115
00483d64	FUN_00483d64	8
00483d6c	FUN_00483d6c	21
00483e00	FUN_00483e00	27
00483e1c	FUN_00483e1c	488
004840f4	FUN_004840f4	110
0048420c	FUN_0048420c	45
0048423c	FUN_0048423c	123
004842b8	FUN_004842b8	82
0048430c	FUN_0048430c	45
0048433c	FUN_0048433c	123
004843b8	FUN_004843b8	82
0048440c	FUN_0048440c	83
00484460	FUN_00484460	124
004844dc	FUN_004844dc	60
00484518	FUN_00484518	54
00484560	FUN_00484560	215
00484688	FUN_00484688	41
0048471c	FUN_0048471c	215
0048486c	FUN_0048486c	43
00484ad8	FUN_00484ad8	23
00484af0	FUN_00484af0	28
00484b0c	FUN_00484b0c	24
00484b24	FUN_00484b24	27
00484b40	FUN_00484b40	46
00484c38	FUN_00484c38	342
00484e58	FUN_00484e58	12
00484e64	FUN_00484e64	12
00484e70	FUN_00484e70	12
00484e7c	FUN_00484e7c	12
00484e88	FUN_00484e88	12
00484e94	FUN_00484e94	12
00484ea0	FUN_00484ea0	19
00484eb4	FUN_00484eb4	25
00484ed0	FUN_00484ed0	19
00484ee4	FUN_00484ee4	7
00484eec	FUN_00484eec	19
00484f00	FUN_00484f00	7
00484f08	FUN_00484f08	75
00484f54	FUN_00484f54	56
00484f8c	FUN_00484f8c	78
00484ff4	FUN_00484ff4	90
00485050	FUN_00485050	92
004850ac	FUN_004850ac	69
004850f4	FUN_004850f4	37
0048511c	FUN_0048511c	420
0048531c	FUN_0048531c	26
00485388	FUN_00485388	19
0048539c	FUN_0048539c	7
004853a4	FUN_004853a4	38
004853cc	FUN_004853cc	142
0048545c	FUN_0048545c	72
004854a4	FUN_004854a4	325
00485628	FUN_00485628	95
00485688	FUN_00485688	323
00485984	FUN_00485984	86
00485aec	FUN_00485aec	174
00485bb4	FUN_00485bb4	9
00485bc0	FUN_00485bc0	54
00485bf8	thunk_FUN_00485bfd	2
00485bfd	FUN_00485bfd	29
00485c18	FUN_00485c18	56
00485cc8	FUN_00485cc8	65
00485d0c	FUN_00485d0c	115
00485d80	FUN_00485d80	92
00485ddc	FUN_00485ddc	46
00485e0c	FUN_00485e0c	38
00485e34	FUN_00485e34	47
00485e74	FUN_00485e74	478
0048617c	FUN_0048617c	417
0048632c	FUN_0048632c	96
0048638c	FUN_0048638c	111
004863fc	FUN_004863fc	175
004864ac	FUN_004864ac	44
004864d8	FUN_004864d8	44
00486504	FUN_00486504	8
0048650c	FUN_0048650c	8
00486514	FUN_00486514	108
00486580	FUN_00486580	24
00486598	FUN_00486598	24
004865b0	FUN_004865b0	87
00486608	FUN_00486608	93
00486674	FUN_00486674	58
004866b0	FUN_004866b0	74
00486e00	FUN_00486e00	28
00486e1c	FUN_00486e1c	176
00486ecc	FUN_00486ecc	256
00486fcc	FUN_00486fcc	57
00487008	FUN_00487008	75
00487054	FUN_00487054	130
004870e4	FUN_004870e4	36
00487108	FUN_00487108	78
00487158	FUN_00487158	184
00487210	FUN_00487210	50
00487244	FUN_00487244	105
004872b0	FUN_004872b0	152
00487348	FUN_00487348	24
00487360	FUN_00487360	33
00487384	FUN_00487384	91
004873e0	FUN_004873e0	124
0048745c	FUN_0048745c	23
00487474	FUN_00487474	103
004874f4	FUN_004874f4	201
004875e0	FUN_004875e0	17
00487684	FUN_00487684	341
004877ec	FUN_004877ec	187
004878c4	FUN_004878c4	360
00487a2c	FUN_00487a2c	88
00487a94	FUN_00487a94	88
00487afc	FUN_00487afc	6
00487b04	FUN_00487b04	14
00487b14	FUN_00487b14	78
00487b64	FUN_00487b64	100
00487bc8	FUN_00487bc8	120
00487c40	FUN_00487c40	251
00487d60	FUN_00487d60	57
00487e00	FUN_00487e00	138
00487e94	FUN_00487e94	90
00487ef0	FUN_00487ef0	133
00487f78	FUN_00487f78	38
00487fa0	FUN_00487fa0	65
00487fe4	FUN_00487fe4	37
0048800c	FUN_0048800c	271
0048811c	FUN_0048811c	53
00488154	FUN_00488154	68
00488198	FUN_00488198	39
004881c0	FUN_004881c0	15
004881d0	FUN_004881d0	285
00488324	FUN_00488324	93
00488384	FUN_00488384	154
00488430	FUN_00488430	902
004887c4	FUN_004887c4	57
00488800	FUN_00488800	35
00488824	FUN_00488824	143
004888b4	FUN_004888b4	38
004888dc	FUN_004888dc	38
00488904	FUN_00488904	35
00488960	FUN_00488960	16
00488970	FUN_00488970	13
0048aad4	FUN_0048aad4	13
0048aae4	FUN_0048aae4	13
0048aaf4	FUN_0048aaf4	21
0048ab0c	FUN_0048ab0c	19
0048ab20	FUN_0048ab20	25
0048ab3c	FUN_0048ab3c	25
0048ab58	FUN_0048ab58	7
0048ab60	FUN_0048ab60	23
0048abcc	FUN_0048abcc	24
0048abe4	FUN_0048abe4	101
0048aca8	FUN_0048aca8	114
0048af0c	FUN_0048af0c	33
0048af30	FUN_0048af30	501
0048b13c	FUN_0048b13c	132
0048b1d0	FUN_0048b1d0	782
0048b56c	FUN_0048b56c	69
0048b5b4	FUN_0048b5b4	18
0048b5c8	FUN_0048b5c8	167
0048b670	FUN_0048b670	136
0048b6f8	FUN_0048b6f8	964
0048bb04	FUN_0048bb04	41
0048bbc4	FUN_0048bbc4	43
0048bbf0	FUN_0048bbf0	15
0048bc00	FUN_0048bc00	31
0048bc44	FUN_0048bc44	28
0048bc60	FUN_0048bc60	43
0048bc8c	FUN_0048bc8c	39
0048bcb4	FUN_0048bcb4	315
0048be4c	FUN_0048be4c	62
0048bf80	FUN_0048bf80	64
0048bfc0	FUN_0048bfc0	205
0048c090	FUN_0048c090	6
0048c0a0	FUN_0048c0a0	487
0048c288	FUN_0048c288	106
0048c2f4	FUN_0048c2f4	138
0048c3a0	FUN_0048c3a0	52
0048c3d4	FUN_0048c3d4	52
0048c408	FUN_0048c408	174
0048c4b8	FUN_0048c4b8	17
0048c4cc	FUN_0048c4cc	303
0048c5fc	FUN_0048c5fc	159
0048c69c	FUN_0048c69c	209
0048c770	FUN_0048c770	226
0048c854	FUN_0048c854	104
0048c8bc	FUN_0048c8bc	104
0048c924	FUN_0048c924	403
0048cab8	FUN_0048cab8	171
0048cb64	FUN_0048cb64	174
0048cc14	FUN_0048cc14	322
0048cd58	FUN_0048cd58	325
0048cea0	FUN_0048cea0	268
0048cfac	FUN_0048cfac	53
0048cfe4	FUN_0048cfe4	228
0048d0d8	FUN_0048d0d8	8
0048d0e0	FUN_0048d0e0	8
0048d0e8	FUN_0048d0e8	8
0048d0f0	FUN_0048d0f0	8
0048d0f8	FUN_0048d0f8	9
0048d104	FUN_0048d104	14
0048d114	FUN_0048d114	3
0048d118	FUN_0048d118	1
0048d11c	FUN_0048d11c	455
0048d2e4	FUN_0048d2e4	393
0048d470	FUN_0048d470	149
0048d508	FUN_0048d508	56
0048d550	FUN_0048d550	172
0048d5fc	FUN_0048d5fc	59
0048d638	FUN_0048d638	71
0048d68c	FUN_0048d68c	110
0048d6fc	FUN_0048d6fc	41
0048d72c	FUN_0048d72c	106
0048d798	FUN_0048d798	198
0048d860	FUN_0048d860	189
0048d920	FUN_0048d920	143
0048d9b0	FUN_0048d9b0	169
0048da5c	FUN_0048da5c	95
0048dabc	FUN_0048dabc	136
0048db44	FUN_0048db44	143
0048dbd4	FUN_0048dbd4	492
0048ddc0	FUN_0048ddc0	153
0048de5c	FUN_0048de5c	532
0048e070	FUN_0048e070	339
0048e1e0	FUN_0048e1e0	107
0048e24c	FUN_0048e24c	55
0048e284	FUN_0048e284	593
0048e4d8	FUN_0048e4d8	116
0048e54c	FUN_0048e54c	569
0048e788	FUN_0048e788	649
0048ea14	FUN_0048ea14	247
0048eb0c	FUN_0048eb0c	1068
0048ef38	FUN_0048ef38	116
0048efac	FUN_0048efac	312
0048f0e4	FUN_0048f0e4	761
0048f3e0	FUN_0048f3e0	330
0048f52c	FUN_0048f52c	248
0048f624	FUN_0048f624	111
0048f694	FUN_0048f694	1124
0048faf8	FUN_0048faf8	64
0048fb38	FUN_0048fb38	183
0048fc04	FUN_0048fc04	183
0048fcf4	FUN_0048fcf4	376
0048fe6c	FUN_0048fe6c	566
004900a4	FUN_004900a4	125
00490124	FUN_00490124	183
004901dc	FUN_004901dc	261
004902e4	FUN_004902e4	111
00490354	FUN_00490354	31
00490374	FUN_00490374	72
004903bc	FUN_004903bc	317
00490500	FUN_00490500	460
004906cc	FUN_004906cc	246
004907c4	FUN_004907c4	33
004907e8	FUN_004907e8	33
0049080c	FUN_0049080c	435
004909c0	FUN_004909c0	366
00490b30	FUN_00490b30	159
00490bd0	FUN_00490bd0	104
00490c38	FUN_00490c38	158
00490cd8	FUN_00490cd8	153
00490d74	FUN_00490d74	268
00490e80	FUN_00490e80	280
00490f98	FUN_00490f98	444
00491154	FUN_00491154	64
00491194	FUN_00491194	215
00491280	FUN_00491280	146
00491398	FUN_00491398	44
004913c4	FUN_004913c4	38
004913ec	FUN_004913ec	976
004917bc	FUN_004917bc	282
004918d8	FUN_004918d8	324
00491a1c	FUN_00491a1c	152
00491ab4	FUN_00491ab4	575
00491cf4	FUN_00491cf4	376
00491e6c	FUN_00491e6c	223
00491f4c	FUN_00491f4c	203
00492018	FUN_00492018	769
0049231c	FUN_0049231c	147
004923d8	FUN_004923d8	268
004924f4	FUN_004924f4	288
00492614	FUN_00492614	199
004926dc	FUN_004926dc	328
00492824	FUN_00492824	252
00492920	FUN_00492920	195
00492a4c	FUN_00492a4c	119
00492ac4	FUN_00492ac4	295
00492bec	FUN_00492bec	30
00492c0c	FUN_00492c0c	221
00492cec	FUN_00492cec	76
00492d48	FUN_00492d48	60
00492d84	FUN_00492d84	574
00492fc8	FUN_00492fc8	495
004931b8	FUN_004931b8	461
00493388	FUN_00493388	272
00493c68	FUN_00493c68	273
00493e24	FUN_00493e24	122
00493ea0	FUN_00493ea0	164
00493f44	FUN_00493f44	151
00493fdc	FUN_00493fdc	145
004942c4	FUN_004942c4	121
00494358	FUN_00494358	253
00494458	FUN_00494458	12
00494464	FUN_00494464	14
00494474	FUN_00494474	187
00494530	FUN_00494530	92
0049458c	FUN_0049458c	141
0049461c	FUN_0049461c	179
004946d0	FUN_004946d0	340
00494824	FUN_00494824	536
00494a3c	FUN_00494a3c	1075
00495668	FUN_00495668	494
00495858	FUN_00495858	57
00495948	FUN_00495948	893
00495cc8	FUN_00495cc8	832
00496008	FUN_00496008	818
0049633c	FUN_0049633c	666
004965d8	FUN_004965d8	233
004966c4	FUN_004966c4	612
00496928	FUN_00496928	223
00496a08	FUN_00496a08	362
00496b74	FUN_00496b74	762
00496e70	FUN_00496e70	153
00496f0c	FUN_00496f0c	275
00497020	FUN_00497020	155
004970bc	FUN_004970bc	524
004973cc	FUN_004973cc	141
0049745c	FUN_0049745c	250
00497558	FUN_00497558	54
00497590	FUN_00497590	113
004976ec	FUN_004976ec	14
004976fc	FUN_004976fc	21
00497714	FUN_00497714	74
00497760	FUN_00497760	15
00497770	FUN_00497770	13
00497780	FUN_00497780	64
004977c0	FUN_004977c0	29
004977e0	FUN_004977e0	23
004977f8	FUN_004977f8	23
00497810	FUN_00497810	43
0049783c	FUN_0049783c	72
00497884	FUN_00497884	91
004978e0	FUN_004978e0	61
00497920	FUN_00497920	183
004979d8	FUN_004979d8	48
00497a08	FUN_00497a08	52
00497a3c	FUN_00497a3c	27
00497a58	FUN_00497a58	135
00497ae0	FUN_00497ae0	85
00497b38	FUN_00497b38	255
00497c38	FUN_00497c38	92
00497cac	FUN_00497cac	925
00498064	FUN_00498064	40
0049808c	FUN_0049808c	57
004980c8	FUN_004980c8	73
00498114	FUN_00498114	534
0049832c	FUN_0049832c	113
004983a0	FUN_004983a0	174
00498450	FUN_00498450	185
0049850c	FUN_0049850c	200
004985e4	FUN_004985e4	70
0049862c	FUN_0049862c	218
00498708	FUN_00498708	114
0049877c	FUN_0049877c	76
004987d4	FUN_004987d4	73
00498820	FUN_00498820	172
004988cc	FUN_004988cc	47
004988fc	FUN_004988fc	30
0049891c	FUN_0049891c	42
00498948	FUN_00498948	225
00498a2c	FUN_00498a2c	219
00498b08	FUN_00498b08	1
00498b0c	FUN_00498b0c	42
00498b38	FUN_00498b38	163
00498bdc	FUN_00498bdc	197
00498ca4	FUN_00498ca4	177
00498d58	FUN_00498d58	171
00498e04	FUN_00498e04	55
00498e44	FUN_00498e44	62
00498e84	FUN_00498e84	216
00498f5c	FUN_00498f5c	189
00499028	FUN_00499028	120
004990a0	FUN_004990a0	83
004990f4	FUN_004990f4	451
004992b8	FUN_004992b8	1000
004996a0	FUN_004996a0	240
00499790	FUN_00499790	428
0049993c	FUN_0049993c	411
00499ad8	FUN_00499ad8	38
00499b00	FUN_00499b00	91
00499b5c	FUN_00499b5c	200
00499c64	FUN_00499c64	150
00499cfc	FUN_00499cfc	132
00499d80	FUN_00499d80	59
00499dbc	FUN_00499dbc	54
00499df4	FUN_00499df4	349
00499f54	FUN_00499f54	424
0049a0fc	FUN_0049a0fc	279
0049a214	FUN_0049a214	166
0049a2bc	FUN_0049a2bc	73
0049a308	FUN_0049a308	147
0049a39c	FUN_0049a39c	528
0049a5ac	FUN_0049a5ac	642
0049a830	FUN_0049a830	454
0049a9f8	FUN_0049a9f8	197
0049ab60	FUN_0049ab60	262
0049ac68	FUN_0049ac68	140
0049acf4	FUN_0049acf4	323
0049ae38	FUN_0049ae38	74
0049ae84	FUN_0049ae84	114
0049aefc	FUN_0049aefc	204
0049b14c	FUN_0049b14c	78
0049b19c	FUN_0049b19c	132
0049b220	FUN_0049b220	272
0049b330	FUN_0049b330	73
0049b37c	FUN_0049b37c	147
0049b410	FUN_0049b410	182
0049b4c8	FUN_0049b4c8	654
0049b758	FUN_0049b758	400
0049b8e8	FUN_0049b8e8	389
0049bf0c	FUN_0049bf0c	122
0049c110	FUN_0049c110	47
0049c140	FUN_0049c140	154
0049c1dc	FUN_0049c1dc	32
0049c1fc	FUN_0049c1fc	42
0049c228	FUN_0049c228	44
0049c254	FUN_0049c254	98
0049c2b8	FUN_0049c2b8	126
0049c338	FUN_0049c338	306
0049c46c	FUN_0049c46c	428
0049c618	FUN_0049c618	166
0049c6c0	FUN_0049c6c0	603
0049c91c	FUN_0049c91c	58
0049c958	FUN_0049c958	190
0049ca18	FUN_0049ca18	66
0049d184	FUN_0049d184	502
0049d37c	FUN_0049d37c	40
0049d3a4	FUN_0049d3a4	165
0049d44c	FUN_0049d44c	45
0049d47c	FUN_0049d47c	401
0049d610	FUN_0049d610	116
0049d684	FUN_0049d684	269
0049d794	FUN_0049d794	113
0049d808	FUN_0049d808	213
0049d8e0	FUN_0049d8e0	179
0049d994	FUN_0049d994	482
0049db78	FUN_0049db78	213
0049dc50	FUN_0049dc50	65
0049de08	FUN_0049de08	21
0049de20	FUN_0049de20	19
0049de34	FUN_0049de34	14
0049de44	FUN_0049de44	12
0049de50	FUN_0049de50	605
0049e0b0	FUN_0049e0b0	167
0049e158	FUN_0049e158	28
0049e174	FUN_0049e174	569
0049e3b0	FUN_0049e3b0	267
0049e4bc	FUN_0049e4bc	158
0049e5c0	FUN_0049e5c0	202
0049e68c	FUN_0049e68c	56
0049e704	FUN_0049e704	39
0049e72c	FUN_0049e72c	81
0049e780	FUN_0049e780	2162
0049eff4	FUN_0049eff4	177
0049f0a8	FUN_0049f0a8	405
0049f240	FUN_0049f240	101
0049f2a8	FUN_0049f2a8	172
0049f354	FUN_0049f354	373
0049f4cc	FUN_0049f4cc	159
0049f56c	FUN_0049f56c	247
0049f680	FUN_0049f680	343
0049f7dc	FUN_0049f7dc	766
0049fae0	FUN_0049fae0	1014
0049fee0	FUN_0049fee0	1265
004a03dc	FUN_004a03dc	111
004a0498	FUN_004a0498	210
004a056c	FUN_004a056c	14
004a057c	FUN_004a057c	29
004a059c	FUN_004a059c	260
004a06a0	FUN_004a06a0	5194
004a1b6c	FUN_004a1b6c	62
004a1bac	FUN_004a1bac	187
004a1c94	FUN_004a1c94	72
004a1cdc	FUN_004a1cdc	191
004a1dc8	FUN_004a1dc8	319
004a1f08	FUN_004a1f08	1135
004a2378	FUN_004a2378	1
004a237c	FUN_004a237c	110
004a23ec	FUN_004a23ec	107
004a2458	FUN_004a2458	244
004a254c	FUN_004a254c	511
004a274c	FUN_004a274c	110
004a27bc	FUN_004a27bc	527
004a29cc	FUN_004a29cc	264
004a2ad8	FUN_004a2ad8	1666
004a3160	FUN_004a3160	100
004a31c4	FUN_004a31c4	760
004a34bc	FUN_004a34bc	187
004a3578	FUN_004a3578	713
004a3844	FUN_004a3844	587
004a3b1c	FUN_004a3b1c	1215
004a3fdc	FUN_004a3fdc	74
004a4028	FUN_004a4028	25
004a4044	FUN_004a4044	116
004a40b8	FUN_004a40b8	101
004a4120	FUN_004a4120	156
004a41bc	FUN_004a41bc	157
004a425c	FUN_004a425c	20
004a428c	FUN_004a428c	56
004a43ac	FUN_004a43ac	689
004a4660	FUN_004a4660	823
004a4998	FUN_004a4998	25
004a49b4	FUN_004a49b4	40
004a59c8	FUN_004a59c8	596
004a5c1c	FUN_004a5c1c	63
004a5c5c	FUN_004a5c5c	74
004a5ca8	FUN_004a5ca8	96
004a5d08	FUN_004a5d08	3
004a5d0c	FUN_004a5d0c	6
004a5d14	FUN_004a5d14	110
004a5da0	FUN_004a5da0	61
004a5de0	FUN_004a5de0	70
004a5e28	FUN_004a5e28	105
004a5e94	FUN_004a5e94	183
004a5f5c	FUN_004a5f5c	60
004a5fa0	FUN_004a5fa0	80
004a5ff8	FUN_004a5ff8	24
004a6010	FUN_004a6010	24
004a6028	FUN_004a6028	226
004a6114	FUN_004a6114	239
004a620c	FUN_004a620c	74
004a62d8	FUN_004a62d8	37
004a633c	FUN_004a633c	18
004a6350	FUN_004a6350	17
004a6364	FUN_004a6364	71
004a63ac	FUN_004a63ac	22
004a63c4	FUN_004a63c4	79
004a6414	FUN_004a6414	17
004a6428	FUN_004a6428	36
004a644c	FUN_004a644c	49
004a6480	FUN_004a6480	210
004a6578	FUN_004a6578	53
004a6610	FUN_004a6610	141
004a66a0	FUN_004a66a0	10
004a66ac	FUN_004a66ac	191
004a6824	FUN_004a6824	104
004a688c	FUN_004a688c	238
004a6ae8	FUN_004a6ae8	125
004a6bf8	FUN_004a6bf8	72
004a6c40	FUN_004a6c40	48
004a6c70	FUN_004a6c70	96
004a6cd0	FUN_004a6cd0	214
004a6db4	FUN_004a6db4	117
004a7010	FUN_004a7010	158
004a70b0	FUN_004a70b0	109
004a7120	FUN_004a7120	74
004a716c	FUN_004a716c	594
004a73e0	FUN_004a73e0	302
004a7510	FUN_004a7510	220
004a75ec	FUN_004a75ec	45
004a7734	FUN_004a7734	195
004a77f8	FUN_004a77f8	584
004a7ae4	FUN_004a7ae4	210
004a7e68	FUN_004a7e68	234
004a8014	FUN_004a8014	385
004a82a4	FUN_004a82a4	83
004a82f8	FUN_004a82f8	160
004a8398	FUN_004a8398	16
004a83a8	FUN_004a83a8	63
004a83e8	FUN_004a83e8	64
004a8428	FUN_004a8428	40
004a8450	FUN_004a8450	106
004a8570	FUN_004a8570	36
004a8594	FUN_004a8594	55
004a85cc	FUN_004a85cc	215
004a87b8	FUN_004a87b8	441
004a8b0c	FUN_004a8b0c	418
004a8cb0	FUN_004a8cb0	137
004a8d3c	FUN_004a8d3c	84
004a8d90	FUN_004a8d90	111
004a8e00	FUN_004a8e00	74
004a8eb4	FUN_004a8eb4	30
004a8f90	FUN_004a8f90	36
004a8fb4	FUN_004a8fb4	44
004a8fe0	FUN_004a8fe0	371
004a9170	FUN_004a9170	112
004a91e0	FUN_004a91e0	124
004a925c	FUN_004a925c	203
004a9328	FUN_004a9328	68
004a936c	FUN_004a936c	137
004a9474	FUN_004a9474	81
004a9524	FUN_004a9524	523
004a974c	FUN_004a974c	555
004a9980	FUN_004a9980	115
004a9a04	FUN_004a9a04	330
004a9d74	FUN_004a9d74	45
004a9da4	FUN_004a9da4	114
004a9f2c	FUN_004a9f2c	43
004a9f58	FUN_004a9f58	148
004a9fec	FUN_004a9fec	72
004aa034	FUN_004aa034	130
004aa108	FUN_004aa108	237
004aa278	FUN_004aa278	71
004aa2cc	FUN_004aa2cc	26
004aa2e8	FUN_004aa2e8	140
004aa384	FUN_004aa384	31
004aa3a4	FUN_004aa3a4	2070
004ab058	FUN_004ab058	31
004ab078	FUN_004ab078	172
004ab134	FUN_004ab134	101
004ab1a8	FUN_004ab1a8	21
004ab218	FUN_004ab218	151
004ab2b0	FUN_004ab2b0	122
004ab384	FUN_004ab384	142
004ab434	FUN_004ab434	241
004ab528	FUN_004ab528	394
004ab6b4	FUN_004ab6b4	212
004ab788	FUN_004ab788	55
004ab7c0	FUN_004ab7c0	47
004ab7f0	FUN_004ab7f0	47
004ab820	FUN_004ab820	25
004ab83c	FUN_004ab83c	102
004ab8c0	FUN_004ab8c0	51
004ab8f4	FUN_004ab8f4	71
004ab93c	FUN_004ab93c	388
004abac0	FUN_004abac0	258
004abbc4	FUN_004abbc4	69
004abc0c	FUN_004abc0c	84
004abc60	FUN_004abc60	59
004abc9c	FUN_004abc9c	49
004abcd0	FUN_004abcd0	41
004abcfc	FUN_004abcfc	786
004ac0c0	FUN_004ac0c0	169
004ac234	FUN_004ac234	104
004ac29c	FUN_004ac29c	126
004ac5d0	FUN_004ac5d0	77
004ac620	FUN_004ac620	167
004ac6f0	FUN_004ac6f0	114
004ac788	FUN_004ac788	27
004ac7a4	FUN_004ac7a4	23
004ac7bc	FUN_004ac7bc	42
004ac7e8	FUN_004ac7e8	77
004ac844	FUN_004ac844	42
004ac870	FUN_004ac870	37
004ac8a8	FUN_004ac8a8	324
004aca0c	FUN_004aca0c	56
004aca54	FUN_004aca54	140
004acb00	FUN_004acb00	146
004acbb0	FUN_004acbb0	115
004acdb4	FUN_004acdb4	784
004ad0f8	FUN_004ad0f8	52
004ad12c	FUN_004ad12c	221
004ad20c	FUN_004ad20c	24
004ad224	FUN_004ad224	156
004ad2c0	FUN_004ad2c0	195
004ad394	FUN_004ad394	10
004ad3a0	FUN_004ad3a0	13
004ad3b0	FUN_004ad3b0	228
004ad494	FUN_004ad494	152
004ae51c	GdipAlloc	6
004ae524	GdipFree	6
004ae52c	GdiplusStartup	6
004ae534	GdiplusShutdown	6
004ae53c	GdipFillEllipseI	6
004ae544	GdipCreatePath	6
004ae54c	GdipDeletePath	6
004ae554	GdipClosePathFigure	6
004ae55c	GdipAddPathLine	6
004ae564	GdipAddPathArc	6
004ae56c	GdipAddPathEllipse	6
004ae574	GdipDeleteBrush	6
004ae57c	GdipCreateHatchBrush	6
004ae584	GdipCreateSolidFill	6
004ae58c	GdipCreateLineBrushFromRect	6
004ae594	GdipCreateLineBrushFromRectWithAngle	6
004ae59c	GdipResetPath	6
004ae5a4	GdipCreatePathGradientFromPath	6
004ae5ac	GdipSetPathGradientCenterColor	6
004ae5b4	GdipSetPathGradientSurroundColorsWithCount	6
004ae5bc	GdipSetPathGradientCenterPoint	6
004ae5c4	GdipSetPathGradientCenterPointI	6
004ae5cc	GdipGetPathGradientPointCount	6
004ae5d4	GdipCreatePen1	6
004ae5dc	GdipDeletePen	6
004ae5e4	GdipCreateFromHDC	6
004ae5ec	GdipDeleteGraphics	6
004ae5f4	GdipGetDC	6
004ae5fc	GdipReleaseDC	6
004ae604	GdipSetSmoothingMode	6
004ae60c	GdipGetSmoothingMode	6
004ae614	GdipSetTextRenderingHint	6
004ae61c	GdipDrawPath	6
004ae624	GdipFillRectangle	6
004ae62c	GdipGraphicsClear	6
004ae634	GdipCreateFontFamilyFromName	6
004ae63c	GdipDeleteFontFamily	6
004ae644	GdipCreateFont	6
004ae64c	GdipDeleteFont	6
004ae654	GdipDrawString	6
004ae65c	GdipMeasureString	6
004ae664	GdipCreateStringFormat	6
004ae66c	GdipDeleteStringFormat	6
004ae674	GdipSetStringFormatAlign	6
004ae67c	GdipSetStringFormatLineAlign	6
004ae684	GdipSetStringFormatTrimming	6
004ae68c	GdipGetImageRawFormat	6
004ae694	GdipDrawImageI	6
004ae69c	GdipDrawImageRect	6
004ae6a4	GdipDrawImageRectRect	6
004ae6ac	GdipDrawRectangle	6
004ae6b4	GdipDrawLine	6
004ae6bc	GdipCreateLineBrush	6
004ae6c4	GdipFillPath	6
004ae6cc	GdipLoadImageFromStream	6
004ae6d4	GdipLoadImageFromStreamICM	6
004ae6dc	GdipDisposeImage	6
004ae6e4	GdipGetImageWidth	6
004ae6ec	GdipGetImageHeight	6
004ae6f4	GdipSetPenDashStyle	6
004ae6fc	GdipSetStringFormatHotkeyPrefix	6
004ae704	GdipSetClipRegion	6
004ae70c	GdipCreateRegionRect	6
004ae714	GdipCreateRegionPath	6
004ae71c	GdipDeleteRegion	6
004ae724	GdipCreateBitmapFromStreamICM	6
004ae72c	GdipCreateBitmapFromStream	6
004ae734	GdipCreateBitmapFromScan0	6
004ae73c	GdipCreateHBITMAPFromBitmap	6
004ae744	GdipBitmapGetPixel	6
004ae74c	GdipResetClip	6
004ae754	GdipCreateTexture	6
004ae75c	GdipCreateImageAttributes	6
004ae764	GdipDisposeImageAttributes	6
004ae76c	GdipSetImageAttributesColorKeys	6
004ae774	GdipSetLineGammaCorrection	6
004ae77c	GdipSetPathGradientWrapMode	6
004ae784	GdipSetPathGradientPresetBlend	6
004ae78c	GdipGetImagePixelFormat	6
004ae794	GdipGetImageGraphicsContext	6
004ae7f8	FUN_004ae7f8	6
004ae800	FUN_004ae800	6
004ae808	FUN_004ae808	54
004ae840	FUN_004ae840	790
004aeb88	FUN_004aeb88	6
004aeb90	FUN_004aeb90	18
004aeba4	FUN_004aeba4	30
004aebc4	FUN_004aebc4	77
004aec3c	FUN_004aec3c	32
004aec5c	FUN_004aec5c	32
004aec7c	FUN_004aec7c	32
004aec9c	FUN_004aec9c	32
004aecbc	FUN_004aecbc	10
004aecc8	FUN_004aecc8	83
004aed1c	FUN_004aed1c	38
004aed44	FUN_004aed44	10
004aed50	FUN_004aed50	32
004aed70	FUN_004aed70	38
004aed98	FUN_004aed98	4
004aed9c	FUN_004aed9c	10
004aeda8	FUN_004aeda8	82
004aedfc	FUN_004aedfc	92
004aee58	FUN_004aee58	86
004aeeb0	FUN_004aeeb0	32
004aeed0	FUN_004aeed0	98
004aef34	FUN_004aef34	111
004aefa4	FUN_004aefa4	114
004af018	FUN_004af018	82
004af094	FUN_004af094	32
004af0b4	FUN_004af0b4	89
004af110	FUN_004af110	36
004af134	FUN_004af134	32
004af154	FUN_004af154	596
004af3c4	FUN_004af3c4	162
004af478	FUN_004af478	239
004af588	FUN_004af588	32
004af5a8	FUN_004af5a8	43
004af5d4	FUN_004af5d4	32
004af5f4	FUN_004af5f4	55
004af62c	FUN_004af62c	27
004af648	FUN_004af648	49
004af67c	FUN_004af67c	140
004af71c	FUN_004af71c	117
004af7a4	FUN_004af7a4	272
004af8c8	FUN_004af8c8	248
004af9d4	FUN_004af9d4	222
004afac4	FUN_004afac4	246
004afbcc	FUN_004afbcc	4
004afbd0	FUN_004afbd0	10
004afbfc	FUN_004afbfc	47
004afc2c	FUN_004afc2c	340
004afd8c	FUN_004afd8c	195
004afe58	FUN_004afe58	430
004b000c	FUN_004b000c	521
004b0230	FUN_004b0230	240
004b0580	FUN_004b0580	96
004b05e0	FUN_004b05e0	49
004b0854	FUN_004b0854	287
004b09b0	FUN_004b09b0	352
004b0b90	FUN_004b0b90	616
004b0e38	FUN_004b0e38	303
004b0fa0	FUN_004b0fa0	310
004b1260	FUN_004b1260	7
004b1268	FUN_004b1268	95
004b12c8	FUN_004b12c8	85
004b1348	FUN_004b1348	4
004b134c	FUN_004b134c	111
004b140c	FUN_004b140c	104
004b1474	FUN_004b1474	38
004b149c	FUN_004b149c	4
004b14a0	FUN_004b14a0	70
004b1510	FUN_004b1510	27
004b152c	FUN_004b152c	27
004b1548	FUN_004b1548	41
004b1574	FUN_004b1574	47
004b15a4	FUN_004b15a4	40
004b15cc	FUN_004b15cc	41
004b15f8	FUN_004b15f8	10
004b1604	FUN_004b1604	71
004b164c	FUN_004b164c	32
004b166c	FUN_004b166c	85
004b16c4	FUN_004b16c4	35
004b16e8	FUN_004b16e8	36
004b170c	FUN_004b170c	114
004b1780	FUN_004b1780	47
004b17b0	FUN_004b17b0	47
004b17e0	FUN_004b17e0	27
004b17fc	FUN_004b17fc	49
004b1830	FUN_004b1830	52
004b1864	FUN_004b1864	92
004b18c0	FUN_004b18c0	49
004b18f4	FUN_004b18f4	108
004b1960	FUN_004b1960	114
004b19f8	FUN_004b19f8	38
004b1a20	FUN_004b1a20	259
004b1b24	FUN_004b1b24	41
004b1b50	FUN_004b1b50	24
004b1b68	FUN_004b1b68	36
004b1b8c	FUN_004b1b8c	41
004b1bb8	FUN_004b1bb8	24
004b1bd0	FUN_004b1bd0	24
004b1be8	FUN_004b1be8	4
004b1bec	FUN_004b1bec	10
004b1bf8	FUN_004b1bf8	54
004b1c30	FUN_004b1c30	43
004b1c5c	FUN_004b1c5c	40
004b1c84	FUN_004b1c84	27
004b1ca0	FUN_004b1ca0	48
004b1cd0	FUN_004b1cd0	51
004b1d04	FUN_004b1d04	16
004b1d14	FUN_004b1d14	4
004b1d18	FUN_004b1d18	4
004b1d1c	FUN_004b1d1c	4
004b1d20	FUN_004b1d20	126
004b1dc4	FUN_004b1dc4	96
004b1e24	FUN_004b1e24	37
004b1e4c	FUN_004b1e4c	43
004b1e78	FUN_004b1e78	65
004b1ef0	FUN_004b1ef0	45
004b1f20	FUN_004b1f20	10
004b1f2c	FUN_004b1f2c	50
004b2850	FUN_004b2850	138
004b2910	FUN_004b2910	819
004b2f9c	FUN_004b2f9c	32
004b2fbc	FUN_004b2fbc	17
004b2fd0	FUN_004b2fd0	105
004b305c	FUN_004b305c	281
004b31ac	FUN_004b31ac	7
004b31b4	FUN_004b31b4	274
004b32c8	FUN_004b32c8	145
004b3378	FUN_004b3378	4
004b337c	FUN_004b337c	4
004b3380	FUN_004b3380	55
004b33b8	FUN_004b33b8	4
004b33bc	FUN_004b33bc	4
004b33c0	FUN_004b33c0	70
004b343c	FUN_004b343c	36
004b3460	FUN_004b3460	51
004b3494	FUN_004b3494	117
004b351c	FUN_004b351c	22
004b35cc	FUN_004b35cc	17
004b3624	FUN_004b3624	74
004b3670	FUN_004b3670	22
004b36d8	FUN_004b36d8	19
004b36ec	FUN_004b36ec	49
004b5360	FUN_004b5360	115
004b53e4	FUN_004b53e4	67
004b5438	FUN_004b5438	166
004b5504	FUN_004b5504	176
004b55d4	FUN_004b55d4	87
004b563c	FUN_004b563c	170
004b56f8	FUN_004b56f8	80
004b5748	FUN_004b5748	35
004b576c	FUN_004b576c	2596
004b9d5c	FUN_004b9d5c	85
004b9db4	FUN_004b9db4	2019
004ba954	FUN_004ba954	528
004bab64	FUN_004bab64	53
004bb328	FUN_004bb328	393
004bb56c	FUN_004bb56c	10
004bb578	FUN_004bb578	74
004bb5c4	FUN_004bb5c4	105
004bb670	FUN_004bb670	30
004bb6ac	FUN_004bb6ac	580
004bb900	FUN_004bb900	72
004bb948	FUN_004bb948	491
004bbb44	FUN_004bbb44	181
004bbc60	FUN_004bbc60	22
004bbec4	FUN_004bbec4	30
004bbee4	FUN_004bbee4	30
004bbf1c	FUN_004bbf1c	87
004bbf74	FUN_004bbf74	40
004bbf9c	FUN_004bbf9c	184
004bc3f4	FUN_004bc3f4	55
004bc42c	FUN_004bc42c	18
004bc440	FUN_004bc440	36
004bc464	FUN_004bc464	36
004bc488	FUN_004bc488	36
004bc4ac	FUN_004bc4ac	47
004bc4dc	FUN_004bc4dc	22
004bc4f4	FUN_004bc4f4	53
004bc52c	FUN_004bc52c	41
004bc57c	FUN_004bc57c	35
004bc5a0	FUN_004bc5a0	28
004bc5bc	FUN_004bc5bc	48
004bc5ec	FUN_004bc5ec	73
004bc638	FUN_004bc638	54
004bc670	FUN_004bc670	109
004bc6e0	FUN_004bc6e0	198
004bc7a8	FUN_004bc7a8	77
004bc7fc	FUN_004bc7fc	417
004bc9f4	FUN_004bc9f4	55
004bca2c	FUN_004bca2c	150
004bcac4	FUN_004bcac4	243
004bcbb8	FUN_004bcbb8	295
004bcce0	FUN_004bcce0	208
004bcdb0	FUN_004bcdb0	120
004be374	FUN_004be374	58
004be3ec	FUN_004be3ec	33
004be468	FUN_004be468	104
004be4d0	FUN_004be4d0	24
004be4e8	FUN_004be4e8	20
004be4fc	FUN_004be4fc	27
004be518	FUN_004be518	53
004be5c4	FUN_004be5c4	16
004be5d4	FUN_004be5d4	16
004be5e4	FUN_004be5e4	16
004be6b8	FUN_004be6b8	103
004be734	FUN_004be734	56
004be76c	FUN_004be76c	263
004be8d8	FUN_004be8d8	53
004bfba4	FUN_004bfba4	346
004c0068	FUN_004c0068	80
004c00b8	FUN_004c00b8	49
004c00ec	FUN_004c00ec	24
004c0104	FUN_004c0104	506
004c0340	FUN_004c0340	287
004c0568	FUN_004c0568	25
004c05bc	FUN_004c05bc	7
004c05c4	FUN_004c05c4	37
004c07e8	FUN_004c07e8	87
004c0840	FUN_004c0840	57
004c08d8	FUN_004c08d8	44
004c0920	FUN_004c0920	45
004c09bc	FUN_004c09bc	338
004c0b10	FUN_004c0b10	120
004c0b8c	FUN_004c0b8c	32
004c0bac	FUN_004c0bac	522
004c0dc8	FUN_004c0dc8	131
004c0e4c	FUN_004c0e4c	125
004c0ed8	FUN_004c0ed8	69
004c0f2c	FUN_004c0f2c	92
004c0f88	FUN_004c0f88	37
004c0fb0	FUN_004c0fb0	389
004c1148	FUN_004c1148	454
004c1320	FUN_004c1320	50
004c1664	FUN_004c1664	53
004c169c	FUN_004c169c	9
004c16a8	FUN_004c16a8	49
004c16dc	FUN_004c16dc	81
004c1730	FUN_004c1730	65
004c1774	FUN_004c1774	65
004c17b8	FUN_004c17b8	65
004c17fc	FUN_004c17fc	106
004c1868	FUN_004c1868	21
004c1880	FUN_004c1880	62
004c18c0	FUN_004c18c0	83
004c1914	FUN_004c1914	125
004c1994	FUN_004c1994	21
004c19ac	FUN_004c19ac	21
004c19e8	FUN_004c19e8	44
004c1a14	FUN_004c1a14	92
004c1a70	FUN_004c1a70	88
004c1ac8	FUN_004c1ac8	79
004c1b18	FUN_004c1b18	58
004c1dec	FUN_004c1dec	76
004c1e70	FUN_004c1e70	31
004c1e90	FUN_004c1e90	57
004c1ecc	FUN_004c1ecc	61
004c1f0c	FUN_004c1f0c	75
004c1f58	FUN_004c1f58	93
004c1fc4	FUN_004c1fc4	71
004c200c	FUN_004c200c	129
004c2094	FUN_004c2094	252
004c24a8	FUN_004c24a8	96
004c2518	FUN_004c2518	24
004c2530	FUN_004c2530	24
004c2548	FUN_004c2548	39
004c2570	FUN_004c2570	9
004c257c	FUN_004c257c	39
004c25a4	FUN_004c25a4	9
004c25b0	FUN_004c25b0	42
004c25dc	FUN_004c25dc	42
004c2608	FUN_004c2608	21
004c2620	FUN_004c2620	19
004c2634	FUN_004c2634	73
004c26fc	FUN_004c26fc	40
004c2724	FUN_004c2724	96
004c2794	FUN_004c2794	90
004c2828	FUN_004c2828	72
004c2870	FUN_004c2870	160
004c2938	FUN_004c2938	135
004c29e8	FUN_004c29e8	58
004c2ce4	FUN_004c2ce4	84
004c2d5c	FUN_004c2d5c	78
004c2db8	FUN_004c2db8	72
004c2e10	FUN_004c2e10	286
004c2f48	FUN_004c2f48	60
004c2f84	FUN_004c2f84	166
004c3038	FUN_004c3038	408
004c31e4	FUN_004c31e4	94
004c3250	FUN_004c3250	78
004c32a0	FUN_004c32a0	311
004c3400	FUN_004c3400	478
004c3604	FUN_004c3604	473
004c37f0	FUN_004c37f0	180
004c38a4	FUN_004c38a4	612
004c3b28	FUN_004c3b28	112
004c3b98	FUN_004c3b98	51
004c3bcc	FUN_004c3bcc	100
004c3c3c	FUN_004c3c3c	161
004c3cfc	FUN_004c3cfc	389
004c3ea0	FUN_004c3ea0	603
004c4134	FUN_004c4134	349
004c42ac	FUN_004c42ac	220
004c43c8	FUN_004c43c8	16
004c43d8	FUN_004c43d8	16
004c43e8	FUN_004c43e8	16
004c43f8	FUN_004c43f8	40
004c4420	FUN_004c4420	14
004c4430	FUN_004c4430	227
004c4514	FUN_004c4514	75
004c4560	FUN_004c4560	94
004c45e0	FUN_004c45e0	469
004c47d4	FUN_004c47d4	67
004c4818	FUN_004c4818	181
004c48d0	FUN_004c48d0	181
004c4988	FUN_004c4988	165
004c4a30	FUN_004c4a30	12
004c4a3c	FUN_004c4a3c	63
004c4a7c	FUN_004c4a7c	269
004c4b8c	FUN_004c4b8c	26
004c4ba8	FUN_004c4ba8	128
004c4c28	FUN_004c4c28	121
004c4ca4	FUN_004c4ca4	305
004c4dd8	FUN_004c4dd8	200
004c4ea0	FUN_004c4ea0	58
004c4edc	FUN_004c4edc	233
004c4fd4	FUN_004c4fd4	92
004c5040	FUN_004c5040	310
004c5190	FUN_004c5190	92
004c51fc	FUN_004c51fc	333
004c534c	FUN_004c534c	25
004c5368	FUN_004c5368	122
004c53e4	FUN_004c53e4	239
004c552c	FUN_004c552c	255
004c5670	FUN_004c5670	11
004c567c	FUN_004c567c	139
004c5708	FUN_004c5708	152
004c57a0	FUN_004c57a0	49
004c5c18	FUN_004c5c18	80
004c7b94	FUN_004c7b94	54
004c7bcc	FUN_004c7bcc	268
004c7cdc	FUN_004c7cdc	273
004c7df4	FUN_004c7df4	394
004c7f88	FUN_004c7f88	835
004c82cc	FUN_004c82cc	733
004c85ac	FUN_004c85ac	840
004c88f4	FUN_004c88f4	799
004c8c14	FUN_004c8c14	798
004c8f34	FUN_004c8f34	406
004c90cc	FUN_004c90cc	390
004c9254	FUN_004c9254	1009
004c9648	FUN_004c9648	441
004c9844	FUN_004c9844	216
004c9b4c	FUN_004c9b4c	621
004c9df4	FUN_004c9df4	11222
004ccabc	FUN_004ccabc	10
004cccec	FUN_004cccec	743
004cd184	FUN_004cd184	30
004cd208	FUN_004cd208	184
004cd3e0	FUN_004cd3e0	131
004cd464	FUN_004cd464	79
004cd4b4	FUN_004cd4b4	1350
004cda48	FUN_004cda48	66
004cda8c	FUN_004cda8c	259
004cdb9c	FUN_004cdb9c	99
004cdc54	FUN_004cdc54	851
004cdfd4	FUN_004cdfd4	163
004ce078	FUN_004ce078	10
004ce084	FUN_004ce084	345
004ce1e4	FUN_004ce1e4	17
004ce5b8	FUN_004ce5b8	7
004ce5c0	FUN_004ce5c0	5122
004cfa08	FUN_004cfa08	194
004cfacc	FUN_004cfacc	24
004cfae4	FUN_004cfae4	16
004cfaf4	FUN_004cfaf4	88
004cfb74	FUN_004cfb74	7
004cfb7c	FUN_004cfb7c	81
004cfbd0	FUN_004cfbd0	24
004cfbe8	FUN_004cfbe8	24
004cfc00	FUN_004cfc00	91
004cfc5c	FUN_004cfc5c	24
004cfc74	FUN_004cfc74	24
004cfc8c	FUN_004cfc8c	24
004cfca4	FUN_004cfca4	24
004cfcd8	FUN_004cfcd8	81
004cfd3c	FUN_004cfd3c	29
004cfd5c	FUN_004cfd5c	16
004cfd7c	FUN_004cfd7c	1
004cfe8c	FUN_004cfe8c	32
004cfeac	FUN_004cfeac	14
004d00d4	FUN_004d00d4	69
004d0128	FUN_004d0128	60
004d0164	FUN_004d0164	55
004d019c	FUN_004d019c	105
004d0220	FUN_004d0220	24
004d0238	FUN_004d0238	24
004d0250	FUN_004d0250	287
004d0370	FUN_004d0370	16
004d03ac	FUN_004d03ac	24
004d03f0	FUN_004d03f0	24
004d0408	FUN_004d0408	33
004d042c	FUN_004d042c	52
004d0460	FUN_004d0460	51
004d0494	FUN_004d0494	55
004d04cc	FUN_004d04cc	16
004d04dc	FUN_004d04dc	16
004d06f4	FUN_004d06f4	459
004d24dc	FUN_004d24dc	160
004d2584	FUN_004d2584	143
004d2614	FUN_004d2614	28
004d2630	FUN_004d2630	7
004d2638	FUN_004d2638	27
004d2654	FUN_004d2654	27
004d2670	FUN_004d2670	36
004d2694	FUN_004d2694	709
004d2974	FUN_004d2974	24
004d298c	FUN_004d298c	24
004d29a4	FUN_004d29a4	24
004d2d94	FUN_004d2d94	24
004d2dac	FUN_004d2dac	18
004d2dc0	FUN_004d2dc0	18
004d2dd4	FUN_004d2dd4	18
004d2de8	FUN_004d2de8	18
004d2dfc	FUN_004d2dfc	18
004d2e10	FUN_004d2e10	18
004d2e24	FUN_004d2e24	18
004d2e38	FUN_004d2e38	18
004d2e4c	FUN_004d2e4c	18
004d2e60	FUN_004d2e60	18
004d2e74	FUN_004d2e74	18
004d2e88	FUN_004d2e88	18
004d2e9c	FUN_004d2e9c	18
004d2eb0	FUN_004d2eb0	18
004d2ec4	FUN_004d2ec4	18
004d2ed8	FUN_004d2ed8	18
004d2eec	FUN_004d2eec	18
004d2f00	FUN_004d2f00	18
004d2f14	FUN_004d2f14	18
004d2f28	FUN_004d2f28	18
004d2f3c	FUN_004d2f3c	18
004d2f50	FUN_004d2f50	18
004d2f64	FUN_004d2f64	18
004d2f78	FUN_004d2f78	18
004d2f8c	FUN_004d2f8c	18
004d2fa0	FUN_004d2fa0	18
004d2fb4	FUN_004d2fb4	18
004d2fc8	FUN_004d2fc8	18
004d2fdc	FUN_004d2fdc	18
004d2ff0	FUN_004d2ff0	18
004d3004	FUN_004d3004	18
004d3018	FUN_004d3018	18
004d302c	FUN_004d302c	18
004d3040	FUN_004d3040	18
004d3054	FUN_004d3054	18
004d30d0	FUN_004d30d0	55
004d3108	FUN_004d3108	67
004d314c	FUN_004d314c	52
004d3180	FUN_004d3180	104
004d3300	FUN_004d3300	26
004d331c	FUN_004d331c	15
004d332c	FUN_004d332c	42
004d3358	FUN_004d3358	21
004d3370	thunk_FUN_004d3375	2
004d3375	FUN_004d3375	10
004d337c	FUN_004d337c	43
004d33a8	FUN_004d33a8	34
004d33cc	thunk_FUN_004d33d9	2
004d33d9	FUN_004d33d9	20
004d3514	FUN_004d3514	50
004d3548	FUN_004d3548	105
004d35b4	FUN_004d35b4	182
004d366c	FUN_004d366c	65
004d36b0	FUN_004d36b0	41
004d36e8	FUN_004d36e8	56
004d3720	FUN_004d3720	35
004d3744	FUN_004d3744	60
004d3780	FUN_004d3780	56
004d37b8	FUN_004d37b8	24
004d37e4	FUN_004d37e4	275
004d394c	FUN_004d394c	16
004d395c	FUN_004d395c	67
004d39a0	FUN_004d39a0	89
004d3a08	FUN_004d3a08	52
004d3a3c	FUN_004d3a3c	41
004d3b8c	FUN_004d3b8c	92
004d3bf8	FUN_004d3bf8	177
004d3cb8	FUN_004d3cb8	95
004d3d28	FUN_004d3d28	22
004d3d40	FUN_004d3d40	93
004d3da0	FUN_004d3da0	239
004d3ea0	FUN_004d3ea0	279
004d3fd0	FUN_004d3fd0	132
004d4068	FUN_004d4068	140
004d4104	FUN_004d4104	140
004d41a4	FUN_004d41a4	139
004d4244	FUN_004d4244	90
004d42ac	FUN_004d42ac	183
004d4374	FUN_004d4374	57
004d43b0	FUN_004d43b0	18
004d4444	FUN_004d4444	6
004d444c	FUN_004d444c	252
004d4548	FUN_004d4548	62
004d4588	FUN_004d4588	18
004d459c	FUN_004d459c	18
004d467c	FUN_004d467c	61
004d46bc	FUN_004d46bc	212
004d4790	FUN_004d4790	53
004d47c8	FUN_004d47c8	26
004d47e4	FUN_004d47e4	473
004d49c0	FUN_004d49c0	477
004d4bb0	FUN_004d4bb0	229
004d4ca4	FUN_004d4ca4	259
004d4db4	FUN_004d4db4	127
004d4e34	FUN_004d4e34	136
004d4ebc	FUN_004d4ebc	100
004d4f30	FUN_004d4f30	18
004d4f44	FUN_004d4f44	50
004d4f78	FUN_004d4f78	37
004d4fa0	FUN_004d4fa0	33
004d4fc4	FUN_004d4fc4	99
004d5028	FUN_004d5028	6
004d5030	FUN_004d5030	6
004d5038	FUN_004d5038	6
004d5040	FUN_004d5040	6
004d5048	FUN_004d5048	6
004d5050	FUN_004d5050	6
004d5058	FUN_004d5058	6
004d5060	FUN_004d5060	131
004d50e4	FUN_004d50e4	89
004d5300	FUN_004d5300	46
004d5354	FUN_004d5354	33
004d5444	FUN_004d5444	138
004d5774	FUN_004d5774	23
004d578c	FUN_004d578c	85
004d57e4	FUN_004d57e4	58
004d5830	FUN_004d5830	17
004d5844	FUN_004d5844	149
004d59e0	FUN_004d59e0	69
004d5a34	FUN_004d5a34	275
004d5cc4	FUN_004d5cc4	52
004d5cf8	FUN_004d5cf8	46
004d5d7c	FUN_004d5d7c	145
004d5ee8	FUN_004d5ee8	52
004d613c	FUN_004d613c	49
004d61c0	FUN_004d61c0	191
004d6334	FUN_004d6334	26
004d6350	FUN_004d6350	26
004d636c	FUN_004d636c	29
004d638c	FUN_004d638c	29
004d63b8	FUN_004d63b8	26
004d63d4	FUN_004d63d4	29
004d6958	FUN_004d6958	26
004d69fc	FUN_004d69fc	122
004d6a84	FUN_004d6a84	92
004d6af0	FUN_004d6af0	194
004d6c4c	FUN_004d6c4c	47
004d6c7c	FUN_004d6c7c	154
004d6d40	FUN_004d6d40	194
004d6e30	FUN_004d6e30	122
004d6eb8	FUN_004d6eb8	131
004d6f48	FUN_004d6f48	225
004d7034	FUN_004d7034	231
004d714c	FUN_004d714c	327
004d72e4	FUN_004d72e4	327
004d747c	FUN_004d747c	72
004d77b0	FUN_004d77b0	76
004d78e4	FUN_004d78e4	95
004d7960	FUN_004d7960	323
004d7ae4	FUN_004d7ae4	329
004d7e24	FUN_004d7e24	75
004d7e8c	FUN_004d7e8c	117
004d7fac	FUN_004d7fac	331
004d8114	FUN_004d8114	99
004d8178	FUN_004d8178	427
004d83a8	FUN_004d83a8	90
004d8410	FUN_004d8410	193
004d8504	FUN_004d8504	14
004d85a4	FUN_004d85a4	113
004d8648	FUN_004d8648	69
004d877c	FUN_004d877c	45
004d87ac	FUN_004d87ac	46
004d87fc	FUN_004d87fc	29
004d9234	FUN_004d9234	33
004d9258	FUN_004d9258	49
004d936c	FUN_004d936c	33
004d9390	FUN_004d9390	49
004d947c	FUN_004d947c	136
004d9614	FUN_004d9614	56
004d965c	FUN_004d965c	68
004d9730	FUN_004d9730	56
004d9778	FUN_004d9778	68
004d9924	FUN_004d9924	201
004d9a70	FUN_004d9a70	234
004d9b78	FUN_004d9b78	115
004d9bfc	FUN_004d9bfc	115
004d9c80	FUN_004d9c80	105
004d9cf8	FUN_004d9cf8	105
004d9f04	FUN_004d9f04	126
004d9f90	FUN_004d9f90	126
004da01c	FUN_004da01c	23
004da034	FUN_004da034	23
004da084	FUN_004da084	23
004da09c	FUN_004da09c	23
004da0ec	FUN_004da0ec	23
004da104	FUN_004da104	23
004da154	FUN_004da154	23
004da16c	FUN_004da16c	23
004da1bc	FUN_004da1bc	23
004da1d4	FUN_004da1d4	23
004da224	FUN_004da224	23
004da23c	FUN_004da23c	23
004da28c	FUN_004da28c	23
004da2a4	FUN_004da2a4	23
004da2f4	FUN_004da2f4	37
004da32c	FUN_004da32c	121
004da3b0	FUN_004da3b0	37
004da3f0	FUN_004da3f0	49
004da72c	FUN_004da72c	295
004da9b4	FUN_004da9b4	94
004daa24	FUN_004daa24	92
004daac0	FUN_004daac0	146
004dab70	FUN_004dab70	27
004dab8c	FUN_004dab8c	180
004dad28	FUN_004dad28	75
004dad80	FUN_004dad80	64
004dadcc	FUN_004dadcc	101
004daf58	FUN_004daf58	154
004db038	FUN_004db038	249
004db270	FUN_004db270	93
004db2d0	FUN_004db2d0	70
004db394	FUN_004db394	180
004db7a4	FUN_004db7a4	114
004db894	FUN_004db894	46
004db940	FUN_004db940	438
004dbb14	FUN_004dbb14	60
004dbb50	FUN_004dbb50	45
004dbb80	FUN_004dbb80	131
004dbc04	FUN_004dbc04	89
004dbc6c	FUN_004dbc6c	89
004dbcd4	FUN_004dbcd4	48
004dbd04	FUN_004dbd04	487
004dbf48	FUN_004dbf48	96
004dbfb0	FUN_004dbfb0	85
004dc02c	FUN_004dc02c	32
004dc054	FUN_004dc054	202
004dc12c	FUN_004dc12c	79
004dc188	FUN_004dc188	25
004dc1b8	FUN_004dc1b8	24
004dc1d0	FUN_004dc1d0	32
004dc1f0	FUN_004dc1f0	28
004dc20c	FUN_004dc20c	49
004dc240	FUN_004dc240	91
004dc29c	FUN_004dc29c	144
004dc3a8	FUN_004dc3a8	143
004dc438	FUN_004dc438	386
004dc5d8	FUN_004dc5d8	53
004dcba4	FUN_004dcba4	491
004dcdac	FUN_004dcdac	81
004dd148	FUN_004dd148	22
004dd1b0	FUN_004dd1b0	325
004dd304	FUN_004dd304	49
004dd5dc	FUN_004dd5dc	68
004dd644	FUN_004dd644	44
004dd670	FUN_004dd670	32
004dd690	FUN_004dd690	45
004dd6c0	FUN_004dd6c0	86
004dd724	FUN_004dd724	353
004dd894	FUN_004dd894	292
004dd9c8	FUN_004dd9c8	32
004dd9e8	FUN_004dd9e8	82
004dda3c	FUN_004dda3c	66
004dda80	FUN_004dda80	100
004ddaf0	FUN_004ddaf0	56
004ddb30	FUN_004ddb30	56
004ddb70	FUN_004ddb70	48
004ddba0	FUN_004ddba0	48
004ddbd0	FUN_004ddbd0	21
004ddbe8	FUN_004ddbe8	142
004ddcf8	FUN_004ddcf8	60
004dde70	FUN_004dde70	130
004ddf70	FUN_004ddf70	47
004ddfa0	FUN_004ddfa0	172
004de05c	FUN_004de05c	16
004de06c	FUN_004de06c	177
004de1d4	FUN_004de1d4	145
004de380	FUN_004de380	157
004de42c	FUN_004de42c	102
004de534	FUN_004de534	97
004de630	FUN_004de630	25
004de6e8	FUN_004de6e8	370
004de880	FUN_004de880	414
004dea44	FUN_004dea44	74
004dea9c	FUN_004dea9c	369
004dec4c	FUN_004dec4c	18
004dec60	FUN_004dec60	6
004def4c	FUN_004def4c	92
004defa8	FUN_004defa8	126
004df038	FUN_004df038	169
004df120	FUN_004df120	6
004df128	FUN_004df128	66
004df1e4	FUN_004df1e4	98
004e07f8	FUN_004e07f8	145
004e0898	FUN_004e0898	148
004e093c	FUN_004e093c	88
004e09a4	FUN_004e09a4	156
004e0a50	FUN_004e0a50	136
004e0ae8	FUN_004e0ae8	57
004e0b30	FUN_004e0b30	53
004e0be8	FUN_004e0be8	81
004e0e98	FUN_004e0e98	44
004e0ec4	FUN_004e0ec4	513
004e1138	FUN_004e1138	109
004e11b4	FUN_004e11b4	369
004e1340	FUN_004e1340	99
004e13a4	FUN_004e13a4	69
004e1400	FUN_004e1400	18
004e1414	FUN_004e1414	6
004e14c0	FUN_004e14c0	18
004e14d4	FUN_004e14d4	6
004e151c	FUN_004e151c	21
004e161c	FUN_004e161c	6
004e166c	FUN_004e166c	21
004e16c4	FUN_004e16c4	142
004e1768	FUN_004e1768	18
004e177c	FUN_004e177c	6
004e17cc	FUN_004e17cc	21
004e1824	FUN_004e1824	117
004e18b0	FUN_004e18b0	18
004e18c4	FUN_004e18c4	6
004e1914	FUN_004e1914	21
004e1988	FUN_004e1988	139
004e1a14	FUN_004e1a14	132
004e1a98	FUN_004e1a98	1808
004e21e4	FUN_004e21e4	748
004e24d0	FUN_004e24d0	1406
004e2a64	FUN_004e2a64	267
004e2b70	FUN_004e2b70	55
004e2dd8	FUN_004e2dd8	93
004e2e44	FUN_004e2e44	88
004e2eac	FUN_004e2eac	13
004e2ebc	FUN_004e2ebc	11
004e2ec8	FUN_004e2ec8	52
004e2efc	FUN_004e2efc	101
004e2f70	FUN_004e2f70	156
004e301c	FUN_004e301c	101
004e3090	FUN_004e3090	38
004e30dc	FUN_004e30dc	130
004e4b0c	FUN_004e4b0c	72
004e4b8c	FUN_004e4b8c	114
004e4c08	FUN_004e4c08	33
004e5278	FUN_004e5278	31
004e529c	FUN_004e529c	75
004e52e8	FUN_004e52e8	165
004e5390	FUN_004e5390	62
004e53d0	FUN_004e53d0	157
004e54c4	FUN_004e54c4	246
004e55c0	FUN_004e55c0	71
004e5608	FUN_004e5608	127
004e5688	FUN_004e5688	126
004e5708	FUN_004e5708	144
004e5798	FUN_004e5798	239
004e5898	FUN_004e5898	472
004e5a84	FUN_004e5a84	144
004e5b14	FUN_004e5b14	157
004e5c08	FUN_004e5c08	118
004e5c88	FUN_004e5c88	420
004e5e2c	FUN_004e5e2c	57
004e5eb8	FUN_004e5eb8	40
004e5ee0	FUN_004e5ee0	49
004e5f14	FUN_004e5f14	36
004e5f38	FUN_004e5f38	539
004e6154	FUN_004e6154	60
004e6190	FUN_004e6190	517
004e63b0	FUN_004e63b0	239
004e64b0	FUN_004e64b0	71
004e64f8	FUN_004e64f8	37
004e6544	FUN_004e6544	146
004e6628	FUN_004e6628	246
004e6724	FUN_004e6724	539
004e6940	FUN_004e6940	60
004e697c	FUN_004e697c	141
004e6b10	FUN_004e6b10	36
004e6b34	FUN_004e6b34	49
004e6b68	FUN_004e6b68	40
004e6b90	FUN_004e6b90	71
004e6bd8	FUN_004e6bd8	37
004e6f08	FUN_004e6f08	72
004e6f88	FUN_004e6f88	70
004e7010	FUN_004e7010	28
004e702c	FUN_004e702c	470
004e7240	FUN_004e7240	37
004e79e4	FUN_004e79e4	108
004e7aa0	FUN_004e7aa0	28
004e7abc	FUN_004e7abc	64
004e7afc	FUN_004e7afc	32
004e7b1c	FUN_004e7b1c	136
004e7ba4	FUN_004e7ba4	4
004e7bcc	FUN_004e7bcc	4
004e7bd0	FUN_004e7bd0	4
004e7bd4	FUN_004e7bd4	8
004e7bdc	FUN_004e7bdc	63
004e7c1c	FUN_004e7c1c	13
004e7c2c	FUN_004e7c2c	9
004e7c38	FUN_004e7c38	70
004e7c80	FUN_004e7c80	82
004e7d68	FUN_004e7d68	13
004e7d78	FUN_004e7d78	8
004e7d80	FUN_004e7d80	20
004e7d94	FUN_004e7d94	86
004e7e18	FUN_004e7e18	130
004e7ec0	FUN_004e7ec0	21
004e7ed8	FUN_004e7ed8	63
004e7f18	FUN_004e7f18	63
004e7f58	FUN_004e7f58	101
004e7fc0	FUN_004e7fc0	8
004e7fc8	FUN_004e7fc8	62
004e8130	FUN_004e8130	230
004e8480	FUN_004e8480	80
004e84d0	FUN_004e84d0	64
004e8534	FUN_004e8534	25
004e857c	FUN_004e857c	275
004e8690	FUN_004e8690	60
004e86cc	FUN_004e86cc	37
004e8704	FUN_004e8704	160
004e87a4	FUN_004e87a4	29
004e87c4	FUN_004e87c4	36
004e87e8	FUN_004e87e8	59
004e8824	FUN_004e8824	374
004e89c0	FUN_004e89c0	81
004e8a14	FUN_004e8a14	33
004e8a38	FUN_004e8a38	34
004e8b40	FUN_004e8b40	62
004e8c48	FUN_004e8c48	158
004e901c	FUN_004e901c	47
004e904c	FUN_004e904c	47
004e907c	FUN_004e907c	294
004e91a4	FUN_004e91a4	81
004e91f8	FUN_004e91f8	9
004e9204	FUN_004e9204	48
004e9234	FUN_004e9234	48
004e9330	FUN_004e9330	79
004e9380	FUN_004e9380	466
004e9554	FUN_004e9554	125
004e95d4	FUN_004e95d4	111
004e9644	FUN_004e9644	39
004e9678	FUN_004e9678	37
004e9e64	FUN_004e9e64	92
004e9ec0	FUN_004e9ec0	48
004e9ef0	FUN_004e9ef0	24
004e9f08	FUN_004e9f08	48
004e9f38	FUN_004e9f38	553
004ea1d0	FUN_004ea1d0	109
004ea270	FUN_004ea270	40
004ea314	FUN_004ea314	257
004ea44c	FUN_004ea44c	146
004ea5ec	FUN_004ea5ec	19
004ea600	FUN_004ea600	7
004ea608	FUN_004ea608	185
004ea6d0	FUN_004ea6d0	125
004ea9b8	FUN_004ea9b8	92
004eaa14	FUN_004eaa14	28
004eaa30	FUN_004eaa30	287
004eab54	FUN_004eab54	7
004eab5c	FUN_004eab5c	7
004eab64	FUN_004eab64	7
004eab6c	FUN_004eab6c	120
004eabe4	FUN_004eabe4	22
004eabfc	FUN_004eabfc	7
004eac04	FUN_004eac04	377
004ead98	FUN_004ead98	138
004eae30	FUN_004eae30	7
004eae38	FUN_004eae38	55
004eae70	FUN_004eae70	7
004eae78	FUN_004eae78	63
004eaeb8	FUN_004eaeb8	28
004eaed4	FUN_004eaed4	339
004eb098	FUN_004eb098	39
004eb0c0	FUN_004eb0c0	180
004eb184	FUN_004eb184	373
004eb2fc	FUN_004eb2fc	150
004eb3a0	FUN_004eb3a0	125
004eb420	FUN_004eb420	8
004eb4e0	FUN_004eb4e0	8
004eb4e8	FUN_004eb4e8	52
004eb51c	FUN_004eb51c	8
004eb524	FUN_004eb524	193
004eb5f4	FUN_004eb5f4	107
004eb860	FUN_004eb860	107
004eb8cc	FUN_004eb8cc	950
004ebc90	FUN_004ebc90	153
004ebd38	FUN_004ebd38	517
004ebf54	FUN_004ebf54	16
004ebf64	FUN_004ebf64	56
004ebf9c	FUN_004ebf9c	121
004ec024	FUN_004ec024	16
004ec034	FUN_004ec034	37
004ee8ac	FUN_004ee8ac	42
004ee8d8	FUN_004ee8d8	70
004ee920	FUN_004ee920	12
004ee938	FUN_004ee938	65
004eeb38	FUN_004eeb38	349
004eecdc	FUN_004eecdc	19
004eecf0	FUN_004eecf0	81
004eed78	FUN_004eed78	7
004eedac	FUN_004eedac	1
004eedb4	FUN_004eedb4	12
004eedc0	FUN_004eedc0	12
004eedcc	FUN_004eedcc	32
004eedec	FUN_004eedec	77
004eee3c	FUN_004eee3c	28
004eee58	FUN_004eee58	210
004eef38	FUN_004eef38	34
004eef94	FUN_004eef94	19
004eefac	FUN_004eefac	18
004ef1c4	FUN_004ef1c4	78
004ef2bc	FUN_004ef2bc	72
004ef314	FUN_004ef314	67
004ef364	FUN_004ef364	67
004ef3b4	FUN_004ef3b4	88
004ef40c	FUN_004ef40c	155
004ef4ac	FUN_004ef4ac	24
004ef4c4	FUN_004ef4c4	7
004ef4cc	FUN_004ef4cc	7
004ef54c	FUN_004ef54c	49
004ef580	FUN_004ef580	62
004ef5c0	FUN_004ef5c0	29
004ef5e0	FUN_004ef5e0	33
004ef604	FUN_004ef604	78
004ef654	FUN_004ef654	37
004ef67c	FUN_004ef67c	12
004ef688	FUN_004ef688	20
004ef754	FUN_004ef754	32
004ef774	FUN_004ef774	32
004ef79c	FUN_004ef79c	29
004ef7bc	FUN_004ef7bc	212
004ef904	FUN_004ef904	134
004efc10	FUN_004efc10	26
004efc2c	FUN_004efc2c	110
004efca0	FUN_004efca0	53
004efd28	FUN_004efd28	81
004efd84	FUN_004efd84	19
004efd98	FUN_004efd98	1
004efd9c	FUN_004efd9c	72
004efde4	FUN_004efde4	57
004efe34	FUN_004efe34	25
004efe6c	FUN_004efe6c	240
004eff5c	FUN_004eff5c	191
004f0024	FUN_004f0024	48
004f0054	FUN_004f0054	19
004f0068	FUN_004f0068	64
004f00b4	FUN_004f00b4	1
004f00e4	FUN_004f00e4	101
004f0184	FUN_004f0184	29
004f0298	FUN_004f0298	19
004f02c4	FUN_004f02c4	46
004f0320	FUN_004f0320	31
004f0424	FUN_004f0424	339
004f0578	FUN_004f0578	97
004f06a4	FUN_004f06a4	219
004f0790	FUN_004f0790	7
004f0798	FUN_004f0798	57
004f07e4	FUN_004f07e4	7
004f07f4	FUN_004f07f4	251
004f08f0	FUN_004f08f0	62
004f0930	FUN_004f0930	188
004f0e80	FUN_004f0e80	88
004f0ee4	FUN_004f0ee4	223
004f0fe4	FUN_004f0fe4	58
004f1020	FUN_004f1020	7
004f1028	FUN_004f1028	62
004f1068	FUN_004f1068	726
004f1350	FUN_004f1350	157
004f144c	FUN_004f144c	417
004f1754	FUN_004f1754	7
004f175c	FUN_004f175c	7
004f1764	FUN_004f1764	197
004f1a38	FUN_004f1a38	22
004f1a50	FUN_004f1a50	22
004f1a68	FUN_004f1a68	7
004f1a70	FUN_004f1a70	121
004f1bbc	FUN_004f1bbc	80
004f1c0c	FUN_004f1c0c	162
004f1cb8	FUN_004f1cb8	33
004f1cdc	FUN_004f1cdc	399
004f1ec0	FUN_004f1ec0	287
004f1ff0	FUN_004f1ff0	15
004f2000	FUN_004f2000	32
004f2020	FUN_004f2020	42
004f2050	FUN_004f2050	33
004f2074	FUN_004f2074	18
004f2444	FUN_004f2444	42
004f2494	FUN_004f2494	147
004f2528	FUN_004f2528	350
004f269c	FUN_004f269c	100
004f2778	FUN_004f2778	6
004f27f8	FUN_004f27f8	285
004f2980	FUN_004f2980	25
004f299c	FUN_004f299c	68
004f29e0	FUN_004f29e0	96
004f2c2c	FUN_004f2c2c	89
004f2c88	FUN_004f2c88	176
004f2f2c	FUN_004f2f2c	75
004f2f78	FUN_004f2f78	36
004f2fbc	FUN_004f2fbc	39
004f2fe4	FUN_004f2fe4	65
004f35d4	FUN_004f35d4	81
004f36ec	FUN_004f36ec	78
004f373c	FUN_004f373c	37
004f39f0	FUN_004f39f0	288
004f3b2c	FUN_004f3b2c	68
004f3b70	FUN_004f3b70	30
004f3b90	FUN_004f3b90	46
004f3c18	FUN_004f3c18	52
004f3c4c	FUN_004f3c4c	37
004f4064	FUN_004f4064	53
004f40f0	FUN_004f40f0	70
004f41b0	FUN_004f41b0	122
004f4260	FUN_004f4260	53
004f434c	FUN_004f434c	30
004f4424	FUN_004f4424	53
004f45c4	FUN_004f45c4	53
004f4694	FUN_004f4694	23
004f46ac	FUN_004f46ac	35
004f4748	FUN_004f4748	20
004f475c	FUN_004f475c	53
004f4910	FUN_004f4910	79
004f496c	FUN_004f496c	82
004f49cc	FUN_004f49cc	86
004f4a30	FUN_004f4a30	77
004f4cec	FUN_004f4cec	62
004f4d90	FUN_004f4d90	94
004f4ed4	FUN_004f4ed4	68
004f5008	FUN_004f5008	106
004f5080	FUN_004f5080	97
004f5160	FUN_004f5160	53
004f5198	FUN_004f5198	4
004f5200	FUN_004f5200	94
004f536c	FUN_004f536c	99
004f5450	FUN_004f5450	106
004f54c8	FUN_004f54c8	97
004f556c	FUN_004f556c	37
004f5780	FUN_004f5780	220
004f586c	FUN_004f586c	141
004f590c	FUN_004f590c	65
004f5950	FUN_004f5950	4
004f5954	FUN_004f5954	6
004f595c	FUN_004f595c	4
004f5960	FUN_004f5960	8
004f5968	FUN_004f5968	107
004f59d4	FUN_004f59d4	189
004f5b04	FUN_004f5b04	36
004f5b28	FUN_004f5b28	22
004f5b40	FUN_004f5b40	56
004f5b78	FUN_004f5b78	75
004f5bc4	FUN_004f5bc4	12
004f5bd0	FUN_004f5bd0	92
004f5c3c	FUN_004f5c3c	92
004f5ea0	FUN_004f5ea0	41
004f60ac	FUN_004f60ac	64
004f6100	FUN_004f6100	182
004f61b8	FUN_004f61b8	406
004f6380	FUN_004f6380	402
004f6544	FUN_004f6544	75
004f6590	FUN_004f6590	154
004f662c	FUN_004f662c	120
004f66a4	FUN_004f66a4	120
004f671c	FUN_004f671c	57
004f6758	FUN_004f6758	377
004f6904	FUN_004f6904	357
004f6a90	FUN_004f6a90	59
004f6acc	FUN_004f6acc	73
004f6b18	FUN_004f6b18	57
004f6b54	FUN_004f6b54	204
004f6c20	FUN_004f6c20	76
004f6c6c	FUN_004f6c6c	253
004f6d6c	FUN_004f6d6c	253
004f6e6c	FUN_004f6e6c	133
004f6ef4	FUN_004f6ef4	352
004f7070	FUN_004f7070	155
004f710c	FUN_004f710c	49
004f7140	FUN_004f7140	53
004f71a8	FUN_004f71a8	40
004f71d0	FUN_004f71d0	10
004f71dc	FUN_004f71dc	10
004f71e8	FUN_004f71e8	6
004f71f0	FUN_004f71f0	12
004f71fc	FUN_004f71fc	12
004f7208	FUN_004f7208	6
004f7210	FUN_004f7210	6
004f7218	FUN_004f7218	26
004f7234	FUN_004f7234	37
004f726c	FUN_004f726c	6
004f7274	FUN_004f7274	8
004f727c	FUN_004f727c	19
004f7290	FUN_004f7290	8
004f7298	FUN_004f7298	37
004f77e4	FUN_004f77e4	127
004f7874	FUN_004f7874	25
004f7890	FUN_004f7890	12
004f789c	FUN_004f789c	196
004f7960	FUN_004f7960	104
004f79c8	FUN_004f79c8	103
004f7a30	FUN_004f7a30	120
004f7aa8	FUN_004f7aa8	182
004f7c94	FUN_004f7c94	50
004f7d14	FUN_004f7d14	27
004f7d30	FUN_004f7d30	140
004f7dbc	FUN_004f7dbc	172
004f7e68	FUN_004f7e68	38
004f7ecc	FUN_004f7ecc	53
004f8020	FUN_004f8020	192
004f81d0	FUN_004f81d0	63
004f8210	FUN_004f8210	89
004f83ac	FUN_004f83ac	226
004f8594	FUN_004f8594	170
004f86b4	FUN_004f86b4	735
004f8bac	FUN_004f8bac	28
004f8bc8	FUN_004f8bc8	116
004f8c4c	FUN_004f8c4c	52
004f8c88	FUN_004f8c88	116
004f8d14	FUN_004f8d14	25
004f8d30	FUN_004f8d30	103
004f8d98	FUN_004f8d98	104
004f8e00	FUN_004f8e00	416
004f913c	FUN_004f913c	133
004f91c4	FUN_004f91c4	790
004f950c	FUN_004f950c	354
004f96f4	FUN_004f96f4	91
004f9750	FUN_004f9750	387
004f9964	FUN_004f9964	195
004f9a28	FUN_004f9a28	57
004f9c30	FUN_004f9c30	140
004f9cbc	FUN_004f9cbc	37
004fb448	FUN_004fb448	196
004fb520	FUN_004fb520	56
004fb6dc	FUN_004fb6dc	7
004fb850	FUN_004fb850	7
004fb868	FUN_004fb868	14
004fb898	FUN_004fb898	14
004fb8c8	FUN_004fb8c8	14
004fb8d8	FUN_004fb8d8	14
004fb8e8	FUN_004fb8e8	14
004fb908	FUN_004fb908	14
004fb930	FUN_004fb930	14
004fb950	FUN_004fb950	120
004fb9e4	FUN_004fb9e4	109
004fbaa4	FUN_004fbaa4	7
004fbab8	FUN_004fbab8	52
004fbaec	FUN_004fbaec	73
004fbc3c	FUN_004fbc3c	69
004fbc84	FUN_004fbc84	124
004fbd00	FUN_004fbd00	120
004fbdc0	FUN_004fbdc0	7
004fbde8	FUN_004fbde8	65
004fbed4	FUN_004fbed4	7
004fbedc	FUN_004fbedc	7
004fbf2c	FUN_004fbf2c	131
004fbfbc	FUN_004fbfbc	173
004fc078	FUN_004fc078	142
004fc108	FUN_004fc108	31
004fc128	FUN_004fc128	31
004fc148	FUN_004fc148	14
004fc158	FUN_004fc158	25
004fc174	FUN_004fc174	25
004fc190	FUN_004fc190	31
004fc1b0	FUN_004fc1b0	31
004fc37c	FUN_004fc37c	172
004fc428	FUN_004fc428	94
004fc4c8	FUN_004fc4c8	25
004fc4f4	FUN_004fc4f4	7
004fc4fc	FUN_004fc4fc	30
004fca20	FUN_004fca20	124
004fda68	FUN_004fda68	43
004fdab0	FUN_004fdab0	154
004fdb5c	FUN_004fdb5c	224
004fdc4c	FUN_004fdc4c	204
004fdd18	FUN_004fdd18	1508
004fe2fc	FUN_004fe2fc	222
004fe444	FUN_004fe444	1
004fe708	FUN_004fe708	836
004fea4c	FUN_004fea4c	462
004fec68	FUN_004fec68	1
004fec6c	FUN_004fec6c	48
004fec9c	FUN_004fec9c	48
004feccc	FUN_004feccc	349
004fef1c	FUN_004fef1c	31
004fef3c	FUN_004fef3c	127
004fefbc	FUN_004fefbc	787
004ff2d0	FUN_004ff2d0	319
004ff410	FUN_004ff410	70
004ff584	FUN_004ff584	109
004ff694	FUN_004ff694	110
004ff704	FUN_004ff704	106
004ff770	FUN_004ff770	5
004ff7b4	FUN_004ff7b4	104
004ff81c	FUN_004ff81c	827
004ffd30	FUN_004ffd30	95
004ffd90	FUN_004ffd90	10
004ffee4	FUN_004ffee4	83
004fff38	FUN_004fff38	36
004fff5c	FUN_004fff5c	69
00500040	FUN_00500040	133
005000cc	FUN_005000cc	795
0050053c	FUN_0050053c	360
005006a4	FUN_005006a4	192
00500764	FUN_00500764	49
00500840	FUN_00500840	99
005008a4	FUN_005008a4	46
00500970	FUN_00500970	495
00500ed4	FUN_00500ed4	41
00500f2c	FUN_00500f2c	322
0050108c	FUN_0050108c	428
00501238	FUN_00501238	48
00501268	FUN_00501268	248
00501360	FUN_00501360	157
005015a0	FUN_005015a0	59
005015dc	FUN_005015dc	204
005016a8	FUN_005016a8	453
005018c8	FUN_005018c8	59
00501904	FUN_00501904	243
005019f8	FUN_005019f8	216
00501ad0	FUN_00501ad0	465
00501fec	FUN_00501fec	96
005020bc	FUN_005020bc	148
00502150	FUN_00502150	75
005022a8	FUN_005022a8	84
005022fc	FUN_005022fc	15
005025ac	FUN_005025ac	37
00503bc8	FUN_00503bc8	763
00503f00	FUN_00503f00	111
00503f70	FUN_00503f70	71
005041d0	FUN_005041d0	175
00504280	FUN_00504280	148
00504314	FUN_00504314	110
005044f4	FUN_005044f4	76
00504540	FUN_00504540	300
0050467c	FUN_0050467c	97
005046e4	FUN_005046e4	493
00504908	FUN_00504908	43
00504934	FUN_00504934	855
00505d48	FUN_00505d48	154
00506204	FUN_00506204	78
00506d18	FUN_00506d18	213
00506ea0	FUN_00506ea0	36
00506ec4	FUN_00506ec4	103
00506f2c	FUN_00506f2c	90
005071c8	FUN_005071c8	175
005072fc	FUN_005072fc	104
00507364	FUN_00507364	159
00507404	FUN_00507404	662
005076cc	FUN_005076cc	76
00507718	FUN_00507718	98
0050789c	FUN_0050789c	155
00507938	FUN_00507938	172
005079e4	FUN_005079e4	149
00507db8	FUN_00507db8	323
00507efc	FUN_00507efc	169
00507fa8	FUN_00507fa8	134
00508030	FUN_00508030	354
0050827c	FUN_0050827c	222
0050836c	FUN_0050836c	179
00508430	FUN_00508430	31
00508450	FUN_00508450	182
00508518	FUN_00508518	285
00509968	FUN_00509968	99
00509a10	FUN_00509a10	82
00509a64	FUN_00509a64	39
00509a8c	FUN_00509a8c	14
00509a9c	FUN_00509a9c	18
00509b24	FUN_00509b24	11
00509b48	FUN_00509b48	19
00509b5c	FUN_00509b5c	11
00509b68	FUN_00509b68	93
00509c30	FUN_00509c30	14
00509c40	FUN_00509c40	11
00509c4c	FUN_00509c4c	26
00509c68	FUN_00509c68	28
00509c84	FUN_00509c84	28
00509cc8	FUN_00509cc8	81
00509d98	FUN_00509d98	14
00509da8	FUN_00509da8	14
00509db8	FUN_00509db8	14
00509dd8	FUN_00509dd8	63
00509e18	FUN_00509e18	81
00509e6c	FUN_00509e6c	9
00509e78	FUN_00509e78	9
00509e84	FUN_00509e84	22
00509e9c	FUN_00509e9c	17
00509eb0	FUN_00509eb0	17
00509ec4	FUN_00509ec4	22
00509edc	FUN_00509edc	469
0050a0bc	FUN_0050a0bc	135
0050a14c	FUN_0050a14c	283
0050a268	FUN_0050a268	55
0050a2a0	FUN_0050a2a0	11
0050a2ac	FUN_0050a2ac	16
0050a2bc	FUN_0050a2bc	16
0050a2cc	FUN_0050a2cc	13
0050a2dc	FUN_0050a2dc	11
0050a2e8	FUN_0050a2e8	56
0050a320	FUN_0050a320	11
0050a32c	FUN_0050a32c	11
0050a338	FUN_0050a338	27
0050a354	FUN_0050a354	50
0050a388	FUN_0050a388	57
0050a3e0	FUN_0050a3e0	35
0050a440	FUN_0050a440	29
0050a470	FUN_0050a470	29
0050a490	FUN_0050a490	15
0050a4a0	FUN_0050a4a0	19
0050a4b4	FUN_0050a4b4	29
0050a4d4	FUN_0050a4d4	29
0050a544	FUN_0050a544	31
0050a564	FUN_0050a564	31
0050a58c	FUN_0050a58c	184
0050a648	FUN_0050a648	49
0050a67c	FUN_0050a67c	17
0050a690	FUN_0050a690	69
0050a6d8	FUN_0050a6d8	82
0050a760	FUN_0050a760	124
0050a7dc	FUN_0050a7dc	17
0050a7f0	FUN_0050a7f0	17
0050a804	FUN_0050a804	73
0050a850	FUN_0050a850	49
0050a884	FUN_0050a884	14
0050a91c	FUN_0050a91c	91
0050aa0c	FUN_0050aa0c	248
0050ab10	FUN_0050ab10	17
0050ab30	FUN_0050ab30	56
0050aba0	FUN_0050aba0	76
0050abec	FUN_0050abec	34
0050ac10	FUN_0050ac10	15
0050ac20	FUN_0050ac20	16
0050aca8	FUN_0050aca8	65
0050ae2c	FUN_0050ae2c	39
0050ae54	FUN_0050ae54	69
0050ae9c	FUN_0050ae9c	7
0050aea4	FUN_0050aea4	79
0050aef4	FUN_0050aef4	77
0050af58	FUN_0050af58	109
0050afc8	FUN_0050afc8	99
0050b02c	FUN_0050b02c	19
0050b040	FUN_0050b040	55
0050b078	FUN_0050b078	92
0050b0d4	FUN_0050b0d4	85
0050b12c	FUN_0050b12c	15
0050b13c	FUN_0050b13c	36
0050b160	FUN_0050b160	36
0050b184	FUN_0050b184	33
0050b1b0	FUN_0050b1b0	196
0050b274	FUN_0050b274	69
0050b2bc	FUN_0050b2bc	130
0050b340	FUN_0050b340	42
0050b3cc	FUN_0050b3cc	63
0050b40c	FUN_0050b40c	130
0050b490	FUN_0050b490	489
0050b68c	FUN_0050b68c	24
0050b6a4	FUN_0050b6a4	119
0050b738	FUN_0050b738	120
0050b7b0	FUN_0050b7b0	35
0050b7d4	FUN_0050b7d4	249
0050b9b8	FUN_0050b9b8	211
0050baa0	FUN_0050baa0	22
0050bab8	FUN_0050bab8	34
0050bbc4	FUN_0050bbc4	48
0050bbf4	FUN_0050bbf4	222
0050bcfc	FUN_0050bcfc	1
0050bd14	FUN_0050bd14	7
0050bd1c	FUN_0050bd1c	4
0050bd20	FUN_0050bd20	4
0050d8c0	FUN_0050d8c0	33
0050d8e4	FUN_0050d8e4	788
0050dc14	FUN_0050dc14	166
0050dcf4	FUN_0050dcf4	71
0050dd4c	FUN_0050dd4c	25
0050dd94	FUN_0050dd94	134
0050de1c	FUN_0050de1c	73
0050df4c	FUN_0050df4c	47
0050df88	FUN_0050df88	41
0050dfb4	FUN_0050dfb4	35
0050dfd8	FUN_0050dfd8	65
0050e208	FUN_0050e208	366
0050e448	FUN_0050e448	129
0050e4dc	FUN_0050e4dc	70
0050e530	FUN_0050e530	52
0050e574	FUN_0050e574	87
0050e5ec	FUN_0050e5ec	56
0050e660	FUN_0050e660	727
0050e9b8	FUN_0050e9b8	129
0050eb60	FUN_0050eb60	12
0050eb88	FUN_0050eb88	81
0050ebdc	FUN_0050ebdc	80
0050ec98	FUN_0050ec98	32
0050ecb8	FUN_0050ecb8	50
0050ecec	FUN_0050ecec	86
0050ed44	FUN_0050ed44	81
0050ed9c	FUN_0050ed9c	7
0050eda4	FUN_0050eda4	13
0050ee14	FUN_0050ee14	61
0050efe8	FUN_0050efe8	27
0050f004	FUN_0050f004	238
0050f22c	FUN_0050f22c	175
0050f2e0	FUN_0050f2e0	78
0050f330	FUN_0050f330	10
0050f33c	FUN_0050f33c	129
0050f3c0	FUN_0050f3c0	67
0050f404	FUN_0050f404	11
0050f410	FUN_0050f410	69
0050f458	FUN_0050f458	35
0050f47c	FUN_0050f47c	82
0050f4d0	FUN_0050f4d0	107
0050f53c	FUN_0050f53c	81
0050f590	FUN_0050f590	104
0050f5f8	FUN_0050f5f8	142
0050f688	FUN_0050f688	55
0050f6c0	FUN_0050f6c0	122
0050f73c	FUN_0050f73c	85
0050f794	FUN_0050f794	197
0050f85c	FUN_0050f85c	621
0050fc70	FUN_0050fc70	50
0050fcc4	FUN_0050fcc4	42
0050fd5c	FUN_0050fd5c	42
0050fdc8	FUN_0050fdc8	46
0050fe18	FUN_0050fe18	44
0050ff2c	FUN_0050ff2c	69
00510248	FUN_00510248	116
0051051c	FUN_0051051c	42
0051061c	FUN_0051061c	42
005106b4	FUN_005106b4	1286
00510bcc	FUN_00510bcc	145
00510c64	FUN_00510c64	153
00510d0c	FUN_00510d0c	517
00510f14	FUN_00510f14	308
00511048	FUN_00511048	157
005110e8	FUN_005110e8	7
0051115c	FUN_0051115c	102
005111dc	FUN_005111dc	129
00511440	FUN_00511440	163
00511574	FUN_00511574	117
005116b0	FUN_005116b0	466
00511884	FUN_00511884	106
005118f0	FUN_005118f0	172
0051199c	FUN_0051199c	99
00511a00	FUN_00511a00	82
00511a54	FUN_00511a54	60
00511a90	FUN_00511a90	168
00511b38	FUN_00511b38	154
00511c84	FUN_00511c84	56
00511cbc	FUN_00511cbc	7
00511cc4	FUN_00511cc4	9
00511cd0	FUN_00511cd0	102
00511d38	FUN_00511d38	32
00511d58	FUN_00511d58	51
00511d8c	FUN_00511d8c	394
00512494	FUN_00512494	57
005124d0	FUN_005124d0	246
005125c8	FUN_005125c8	22
005125e0	FUN_005125e0	357
005127dc	FUN_005127dc	201
005128ac	FUN_005128ac	201
00512a84	FUN_00512a84	139
00512b10	FUN_00512b10	244
00512c08	FUN_00512c08	250
00512d08	FUN_00512d08	48
00512d88	FUN_00512d88	163
00512e2c	FUN_00512e2c	133
00512eb4	FUN_00512eb4	213
00513574	FUN_00513574	56
005135ac	FUN_005135ac	25
00513ca4	FUN_00513ca4	44
00513cd0	FUN_00513cd0	180
00513d84	FUN_00513d84	89
00513de0	FUN_00513de0	142
00513e78	FUN_00513e78	412
00514018	FUN_00514018	112
00514088	FUN_00514088	585
005143bc	FUN_005143bc	380
0051454c	FUN_0051454c	135
005145d4	FUN_005145d4	59
00514610	FUN_00514610	46
00514640	FUN_00514640	23
00514658	FUN_00514658	28
00514f28	FUN_00514f28	98
00514fb0	FUN_00514fb0	11
00514fbc	FUN_00514fbc	847
0051530c	FUN_0051530c	688
005155cc	FUN_005155cc	474
005157b4	FUN_005157b4	108
00515820	FUN_00515820	88
00515878	FUN_00515878	24
00515940	mciGetErrorStringA	6
00515948	mciSendStringA	6
00515950	timeGetTime	6
0051678c	FUN_0051678c	174
0051683c	FUN_0051683c	4
00516840	FUN_00516840	221
00516930	FUN_00516930	4
00516934	FUN_00516934	55
0051698c	FUN_0051698c	13
0051699c	FUN_0051699c	33
005169c0	FUN_005169c0	25
005169dc	FUN_005169dc	25
005169f8	FUN_005169f8	89
00516a60	FUN_00516a60	213
00516b44	FUN_00516b44	184
00516c0c	FUN_00516c0c	10
00516c18	FUN_00516c18	10
00516d34	FUN_00516d34	72
00516d7c	FUN_00516d7c	74
00516e04	FUN_00516e04	184
00516f20	FUN_00516f20	175
00516fe0	FUN_00516fe0	85
00517038	FUN_00517038	469
00517234	FUN_00517234	43
00517260	FUN_00517260	16
00517270	FUN_00517270	196
00517544	FUN_00517544	57
00517580	FUN_00517580	128
00517600	FUN_00517600	53
00517698	FUN_00517698	64
00517758	FUN_00517758	64
005177d4	FUN_005177d4	64
00517bcc	FUN_00517bcc	84
00517c20	FUN_00517c20	58
00517c5c	FUN_00517c5c	25
00517c78	FUN_00517c78	7
00517c80	FUN_00517c80	248
00517d78	FUN_00517d78	65
00517ff0	FUN_00517ff0	501
00518530	FUN_00518530	70
005185e8	FUN_005185e8	70
0051869c	FUN_0051869c	70
00518760	FUN_00518760	644
005189e4	FUN_005189e4	137
00518f00	FUN_00518f00	353
005190c0	FUN_005190c0	79
00519110	FUN_00519110	384
0051944c	FUN_0051944c	121
005194fc	FUN_005194fc	75
00519548	FUN_00519548	45
00519578	FUN_00519578	26
00519594	FUN_00519594	164
00519638	FUN_00519638	225
0051971c	FUN_0051971c	59
00519758	FUN_00519758	130
005197dc	FUN_005197dc	149
00519874	FUN_00519874	232
005199b4	FUN_005199b4	86
00519a1c	FUN_00519a1c	80
00519a6c	FUN_00519a6c	90
00519ac8	FUN_00519ac8	90
00519b24	FUN_00519b24	72
00519b7c	FUN_00519b7c	1051
0051a004	FUN_0051a004	76
0051a050	FUN_0051a050	55
0051a088	FUN_0051a088	40
0051a0b0	FUN_0051a0b0	26
0051a0cc	FUN_0051a0cc	32
0051a0ec	FUN_0051a0ec	92
0051a148	FUN_0051a148	49
0051a17c	FUN_0051a17c	125
0051a1fc	FUN_0051a1fc	74
0051a248	FUN_0051a248	151
0051a2e0	FUN_0051a2e0	114
0051a354	FUN_0051a354	99
0051a3cc	FUN_0051a3cc	134
0051a454	FUN_0051a454	155
0051a500	FUN_0051a500	35
0051a524	FUN_0051a524	128
0051a5b0	FUN_0051a5b0	142
0051a650	FUN_0051a650	189
0051a710	FUN_0051a710	356
0051a874	FUN_0051a874	13
0051a8f0	FUN_0051a8f0	64
0051a930	FUN_0051a930	73
0051a988	FUN_0051a988	3
0051a98c	FUN_0051a98c	72
0051a9e0	FUN_0051a9e0	75
0051aa38	FUN_0051aa38	79
0051aa88	FUN_0051aa88	56
0051aac0	FUN_0051aac0	23
0051aad8	FUN_0051aad8	7
0051aae0	FUN_0051aae0	13
0051aaf0	FUN_0051aaf0	29
0051ab10	FUN_0051ab10	44
0051ab3c	FUN_0051ab3c	13
0051ac8c	FUN_0051ac8c	64
0051accc	FUN_0051accc	76
0051af58	FUN_0051af58	18
0051af6c	FUN_0051af6c	81
0051aff4	FUN_0051aff4	41
0051b090	FUN_0051b090	64
0051b0d0	FUN_0051b0d0	195
0051b328	FUN_0051b328	18
0051b33c	FUN_0051b33c	13
0051b34c	FUN_0051b34c	18
0051b40c	FUN_0051b40c	64
0051b44c	FUN_0051b44c	76
0051b5b4	FUN_0051b5b4	716
0051b890	FUN_0051b890	821
0051bbd8	FUN_0051bbd8	60
0051bc14	FUN_0051bc14	680
0051bf1c	FUN_0051bf1c	20
0051bf30	FUN_0051bf30	29
0051bfec	FUN_0051bfec	76
0051c118	FUN_0051c118	74
0051c2f8	FUN_0051c2f8	74
0051c380	FUN_0051c380	62
0051c440	FUN_0051c440	25
0051c4c0	FUN_0051c4c0	11
0051c4cc	FUN_0051c4cc	120
0051c544	FUN_0051c544	17
0051c558	FUN_0051c558	146
0051c5ec	FUN_0051c5ec	402
0051c830	FUN_0051c830	68
0051c874	FUN_0051c874	76
0051c8c4	FUN_0051c8c4	86
0051c91c	FUN_0051c91c	7
0051c924	FUN_0051c924	21
0051c93c	FUN_0051c93c	155
0051c9d8	FUN_0051c9d8	67
0051ca1c	FUN_0051ca1c	239
0051cb0c	FUN_0051cb0c	59
0051cb48	FUN_0051cb48	219
0051ceb4	FUN_0051ceb4	210
0051cf94	FUN_0051cf94	22
0051d104	FUN_0051d104	162
0051d208	FUN_0051d208	83
0051d25c	FUN_0051d25c	62
0051d29c	FUN_0051d29c	107
0051d308	FUN_0051d308	84
0051d35c	FUN_0051d35c	84
0051d3bc	FUN_0051d3bc	90
0051d418	FUN_0051d418	31
0051d438	FUN_0051d438	8
0051d440	FUN_0051d440	31
0051d460	FUN_0051d460	26
0051d47c	FUN_0051d47c	31
0051d49c	FUN_0051d49c	42
0051d4c8	FUN_0051d4c8	37
0051d4f0	FUN_0051d4f0	113
0051d564	FUN_0051d564	1317
0051db04	FUN_0051db04	884
0051ded0	FUN_0051ded0	357
0051e070	FUN_0051e070	46
0051e0a0	FUN_0051e0a0	8
0051e0a8	FUN_0051e0a8	84
0051e0fc	FUN_0051e0fc	18
0051e110	FUN_0051e110	13
0051e120	FUN_0051e120	60
0051e15c	FUN_0051e15c	343
0051e2c4	FUN_0051e2c4	108
0051e340	FUN_0051e340	121
0051e3c8	FUN_0051e3c8	58
0051e5d0	FUN_0051e5d0	340
0051e734	FUN_0051e734	307
0051e874	FUN_0051e874	321
0051e9c4	FUN_0051e9c4	429
0051eb80	FUN_0051eb80	71
0051ebc8	FUN_0051ebc8	253
0051ed1c	FUN_0051ed1c	103
0051f454	FUN_0051f454	662
0051f850	FUN_0051f850	81
0051f8a4	FUN_0051f8a4	743
0051fb94	FUN_0051fb94	235
0051fc80	FUN_0051fc80	586
0051fecc	FUN_0051fecc	82
0051ff20	FUN_0051ff20	175
0051ffd0	FUN_0051ffd0	635
0052024c	FUN_0052024c	14
0052033c	FUN_0052033c	117
00520408	FUN_00520408	43
00520434	FUN_00520434	50
00520468	FUN_00520468	36
00520490	FUN_00520490	102
005204f8	FUN_005204f8	1
005204fc	FUN_005204fc	67
00520540	FUN_00520540	58
0052057c	FUN_0052057c	44
005205a8	FUN_005205a8	92
00520614	FUN_00520614	90
0052067c	FUN_0052067c	94
00520728	FUN_00520728	8
00520730	FUN_00520730	20
00520744	FUN_00520744	4
00520748	FUN_00520748	110
005207c4	FUN_005207c4	5
005207cc	FUN_005207cc	5
005207d4	FUN_005207d4	8
005207dc	FUN_005207dc	14
005207ec	FUN_005207ec	18
0052095c	FUN_0052095c	49
005209c0	FUN_005209c0	72
00520a08	FUN_00520a08	49
00520a40	FUN_00520a40	32
00520a60	FUN_00520a60	32
00520af0	FUN_00520af0	93
00520ba4	FUN_00520ba4	77
00520bf4	FUN_00520bf4	80
00520c44	FUN_00520c44	36
00520c68	FUN_00520c68	169
00520d14	FUN_00520d14	72
00520d5c	FUN_00520d5c	41
00520d8c	FUN_00520d8c	57
00520e78	FUN_00520e78	99
00520edc	FUN_00520edc	49
00520f10	FUN_00520f10	45
00520f40	FUN_00520f40	19
00520f54	FUN_00520f54	72
00520f9c	FUN_00520f9c	90
00521164	FUN_00521164	96
005211c4	FUN_005211c4	232
005212bc	FUN_005212bc	22
00521524	FUN_00521524	108
00521590	FUN_00521590	750
005218dc	FUN_005218dc	38
00521904	FUN_00521904	157
00521a20	FUN_00521a20	830
00521f98	FUN_00521f98	109
0052200c	FUN_0052200c	1427
00522620	FUN_00522620	16
00522630	FUN_00522630	60
0052266c	FUN_0052266c	198
005227f4	FUN_005227f4	71
0052283c	FUN_0052283c	10
00522848	FUN_00522848	79
00522898	FUN_00522898	89
005228f4	FUN_005228f4	89
00522950	FUN_00522950	13
00522960	FUN_00522960	23
00522978	FUN_00522978	2188
0052323c	FUN_0052323c	198
0052353c	FUN_0052353c	299
00523668	FUN_00523668	107
005236d4	FUN_005236d4	38
005236fc	FUN_005236fc	199
005239a4	FUN_005239a4	189
00523a70	FUN_00523a70	189
00523b3c	FUN_00523b3c	50
005240ac	FUN_005240ac	291
00524230	FUN_00524230	7
00524238	FUN_00524238	43
00524264	FUN_00524264	109
00524300	FUN_00524300	176
005243b0	FUN_005243b0	570
00524610	FUN_00524610	281
00524730	FUN_00524730	155
00524880	FUN_00524880	75
00524de0	FUN_00524de0	70
00524e28	FUN_00524e28	22
00526028	FUN_00526028	213
00526104	FUN_00526104	2158
0052698c	FUN_0052698c	154
00526a28	FUN_00526a28	1502
00527028	FUN_00527028	643
005272dc	FUN_005272dc	537
005274fc	FUN_005274fc	1139
005279a4	FUN_005279a4	2365
00528664	FUN_00528664	30
00528684	FUN_00528684	338
005288d0	FUN_005288d0	18
005288fc	FUN_005288fc	18
00528910	FUN_00528910	18
00528924	FUN_00528924	18
00528938	FUN_00528938	18
0052894c	FUN_0052894c	18
00528960	FUN_00528960	24
005289a8	FUN_005289a8	18
005289bc	FUN_005289bc	18
005289f8	FUN_005289f8	18
00528a34	FUN_00528a34	18
00528b14	FUN_00528b14	18
00528b28	FUN_00528b28	18
00528b3c	FUN_00528b3c	18
00528b50	FUN_00528b50	18
00528c98	FUN_00528c98	979
00529074	FUN_00529074	24
0052908c	FUN_0052908c	231
005291e0	FUN_005291e0	358
00529348	FUN_00529348	63
00529388	FUN_00529388	1408
00529918	FUN_00529918	176
005299cc	FUN_005299cc	714
00529ca4	FUN_00529ca4	1075
0052a120	FUN_0052a120	10
0052a138	FUN_0052a138	172
0052a1e4	FUN_0052a1e4	331
0052a340	FUN_0052a340	112
0052a3f8	FUN_0052a3f8	18
0052a40c	FUN_0052a40c	34
0052a454	FUN_0052a454	18
0052a50c	FUN_0052a50c	286
0052a694	FUN_0052a694	24
0052a6ac	FUN_0052a6ac	100
0052a754	FUN_0052a754	2480
0052b128	FUN_0052b128	32
0052b148	FUN_0052b148	18
0052b15c	FUN_0052b15c	18
0052c2ac	FUN_0052c2ac	204
0052c388	FUN_0052c388	38
0052c3b0	FUN_0052c3b0	493
0052c5b4	FUN_0052c5b4	1019
0052ccf0	FUN_0052ccf0	140
0052cd8c	FUN_0052cd8c	167
0052ce44	FUN_0052ce44	115
0052cec8	FUN_0052cec8	67
0052cf1c	FUN_0052cf1c	159
0052cfe0	FUN_0052cfe0	174
0052d0ac	FUN_0052d0ac	87
0052d114	FUN_0052d114	170
0052d1d0	FUN_0052d1d0	11372
005301c0	FUN_005301c0	2013
00530b54	FUN_00530b54	10
00530b60	FUN_00530b60	17
00530cf0	FUN_00530cf0	48
00530d20	FUN_00530d20	89
00530d7c	FUN_00530d7c	84
00530ddc	FUN_00530ddc	7
00530de4	FUN_00530de4	10
00532088	FUN_00532088	280
005321b8	FUN_005321b8	451
005323a0	FUN_005323a0	23
005323b8	FUN_005323b8	184
005324ac	FUN_005324ac	55
005324e4	FUN_005324e4	121
00532664	FUN_00532664	43
00532690	FUN_00532690	312
005327d8	FUN_005327d8	2804
0053331c	FUN_0053331c	29
0053333c	FUN_0053333c	35
00533360	FUN_00533360	16
00533410	FUN_00533410	127
005336ec	FUN_005336ec	65
00533914	FUN_00533914	15
00533924	FUN_00533924	282
00533ab8	FUN_00533ab8	18
00533acc	FUN_00533acc	18
00533ae0	FUN_00533ae0	18
00533bc0	FUN_00533bc0	42
00533c84	FUN_00533c84	18
00533cac	FUN_00533cac	42
00533d38	FUN_00533d38	32
00533d58	FUN_00533d58	2151
00535d40	FUN_00535d40	204
00535e1c	FUN_00535e1c	38
00535e44	FUN_00535e44	527
00536070	FUN_00536070	579
005362b4	FUN_005362b4	1019
005369f0	FUN_005369f0	140
00536a8c	FUN_00536a8c	167
00536b44	FUN_00536b44	115
00536bc8	FUN_00536bc8	67
00536c1c	FUN_00536c1c	166
00536ce8	FUN_00536ce8	176
00536db8	FUN_00536db8	87
00536e20	FUN_00536e20	170
00536edc	FUN_00536edc	80
00536f2c	FUN_00536f2c	35
00536f50	FUN_00536f50	16883
0053b540	FUN_0053b540	85
0053b598	FUN_0053b598	2019
0053beb8	FUN_0053beb8	172
0053bf78	FUN_0053bf78	125
0053c144	FUN_0053c144	298
0053c2a4	FUN_0053c2a4	142
0053c368	FUN_0053c368	1117
0053d274	FUN_0053d274	15
0053d284	FUN_0053d284	89
0053d2e0	FUN_0053d2e0	11
0053d2ec	FUN_0053d2ec	40
0053d5b0	FUN_0053d5b0	266
0053d724	FUN_0053d724	45
0053d7dc	FUN_0053d7dc	16
0053d85c	FUN_0053d85c	24
0053d874	FUN_0053d874	97
0053da88	FUN_0053da88	184
0053dc9c	FUN_0053dc9c	298
0053ddfc	FUN_0053ddfc	142
0053dec0	FUN_0053dec0	1141
0053ed38	FUN_0053ed38	15
0053ed48	FUN_0053ed48	101
0053edb0	FUN_0053edb0	64
0053ee5c	FUN_0053ee5c	30
0053f1c4	FUN_0053f1c4	42
0053f260	FUN_0053f260	24
0053f2d0	FUN_0053f2d0	24
0053f378	FUN_0053f378	16
0053f470	FUN_0053f470	181
0053f540	FUN_0053f540	30
00540cc4	FUN_00540cc4	147
00540dd4	FUN_00540dd4	159
00540e94	FUN_00540e94	181
00540f68	FUN_00540f68	87
00540fd0	FUN_00540fd0	170
0054108c	FUN_0054108c	51
005410c0	FUN_005410c0	89
00541128	FUN_00541128	94
00541208	FUN_00541208	2570
005440ac	FUN_005440ac	1904
00544afc	FUN_00544afc	53
00544f08	FUN_00544f08	229
00545040	FUN_00545040	70
00545088	FUN_00545088	78
00545144	FUN_00545144	370
0054552c	FUN_0054552c	216
00545660	FUN_00545660	18
00545854	FUN_00545854	18
00545868	FUN_00545868	18
0054590c	FUN_0054590c	36
00546860	FUN_00546860	204
0054693c	FUN_0054693c	33
00546960	FUN_00546960	509
00546b78	FUN_00546b78	1019
005473bc	FUN_005473bc	135
00547450	FUN_00547450	167
00547508	FUN_00547508	147
005475ac	FUN_005475ac	91
00547618	FUN_00547618	159
005476d8	FUN_005476d8	181
005477ac	FUN_005477ac	87
00547814	FUN_00547814	170
005478d0	FUN_005478d0	51
00547904	FUN_00547904	89
0054796c	FUN_0054796c	94
005479d8	FUN_005479d8	80
00547a28	FUN_00547a28	35
00547a4c	FUN_00547a4c	11104
0054a8f0	FUN_0054a8f0	1904
0054b18c	FUN_0054b18c	358
0054b340	FUN_0054b340	176
0054b400	FUN_0054b400	177
0054b4c8	FUN_0054b4c8	460
0054b6ac	FUN_0054b6ac	135
0054b734	FUN_0054b734	379
0054b8dc	FUN_0054b8dc	30
0054b8fc	FUN_0054b8fc	27
0054b94c	FUN_0054b94c	15
0054b95c	FUN_0054b95c	190
0054ba68	FUN_0054ba68	497
0054bf1c	FUN_0054bf1c	421
0054c0f0	FUN_0054c0f0	27
0054c10c	FUN_0054c10c	45
0054c1f4	FUN_0054c1f4	7
0054c1fc	FUN_0054c1fc	593
0054c464	FUN_0054c464	136
0054c5b4	FUN_0054c5b4	225
0054c6a4	FUN_0054c6a4	101
0054c724	FUN_0054c724	36
0054c748	FUN_0054c748	20
0054c884	FUN_0054c884	159
0054c924	FUN_0054c924	210
0054cd48	FUN_0054cd48	79
0054cd98	FUN_0054cd98	94
0054ce04	FUN_0054ce04	83
0054ce64	FUN_0054ce64	76
0054d28c	FUN_0054d28c	104
0054d358	FUN_0054d358	102
0054d420	FUN_0054d420	64
0054d460	FUN_0054d460	376
0054d5d8	FUN_0054d5d8	382
0054d758	FUN_0054d758	865
0054dabc	FUN_0054dabc	124
0054dca4	FUN_0054dca4	18
0054dcb8	FUN_0054dcb8	6
0054dcf4	FUN_0054dcf4	66
0054dd7c	FUN_0054dd7c	997
0054e1d8	FUN_0054e1d8	21
0054e740	FUN_0054e740	129
0054e7c4	FUN_0054e7c4	43
0054e7fc	FUN_0054e7fc	49
0054e8d4	FUN_0054e8d4	34
0054eaa0	FUN_0054eaa0	82
0054eaf4	FUN_0054eaf4	293
0054ec54	FUN_0054ec54	61
0054ec94	FUN_0054ec94	255
0054ed94	FUN_0054ed94	320
0054eeec	FUN_0054eeec	373
0054f0dc	FUN_0054f0dc	163
0054f18c	FUN_0054f18c	163
0054f23c	FUN_0054f23c	78
0054fe4c	FUN_0054fe4c	10
0054fe58	FUN_0054fe58	56
0054fe90	FUN_0054fe90	285
00550000	FUN_00550000	1443
00550604	FUN_00550604	263
0055070c	FUN_0055070c	10
00550718	FUN_00550718	299
0055095c	FUN_0055095c	41
00550a44	FUN_00550a44	35
00550a68	FUN_00550a68	24
00550ad8	FUN_00550ad8	24
00550b24	FUN_00550b24	698
00550f2c	FUN_00550f2c	15
00550f3c	FUN_00550f3c	176
00551050	FUN_00551050	18
00551110	FUN_00551110	18
00551138	FUN_00551138	72
005511cc	FUN_005511cc	32
005511ec	FUN_005511ec	2151
00551e98	FUN_00551e98	37
00553160	FUN_00553160	204
0055323c	FUN_0055323c	38
00553264	FUN_00553264	493
00553468	FUN_00553468	1019
00553ba4	FUN_00553ba4	140
00553c40	FUN_00553c40	167
00553cf8	FUN_00553cf8	115
00553d7c	FUN_00553d7c	67
00553dd0	FUN_00553dd0	159
00553e94	FUN_00553e94	174
00553f60	FUN_00553f60	87
00553fc8	FUN_00553fc8	170
00554084	FUN_00554084	11372
00557074	FUN_00557074	2013
0055798c	FUN_0055798c	141
00557a1c	FUN_00557a1c	117
00557a94	FUN_00557a94	96
00557af4	FUN_00557af4	315
00557fd4	FUN_00557fd4	10
00557fe0	FUN_00557fe0	2208
00558934	FUN_00558934	706
00558c94	FUN_00558c94	345
00558df4	FUN_00558df4	482
00558fe8	FUN_00558fe8	26
00559004	FUN_00559004	10
00559010	FUN_00559010	248
00559120	FUN_00559120	93
00559180	FUN_00559180	131
00559204	FUN_00559204	250
00559300	FUN_00559300	242
005593f8	FUN_005593f8	252
005594fc	FUN_005594fc	238
005595ec	FUN_005595ec	285
00559718	FUN_00559718	181
005597e8	FUN_005597e8	30
00559808	FUN_00559808	72
00559850	FUN_00559850	57
005598e4	FUN_005598e4	218
00559a04	FUN_00559a04	35
00559a28	FUN_00559a28	30
00559a6c	FUN_00559a6c	30
00559ab0	FUN_00559ab0	35
00559ad4	FUN_00559ad4	30
00559c34	FUN_00559c34	4791
0055af8c	FUN_0055af8c	24
0055afe8	FUN_0055afe8	30
0055b028	FUN_0055b028	30
0055b19c	FUN_0055b19c	48
0055b1cc	FUN_0055b1cc	30
0055b354	FUN_0055b354	44
0055b380	FUN_0055b380	142
0055b490	FUN_0055b490	38
0055b4b8	FUN_0055b4b8	54
0055b4f0	FUN_0055b4f0	63
0055b530	FUN_0055b530	109
0055b5a0	FUN_0055b5a0	22
0055b5e8	FUN_0055b5e8	1526
0055bc04	FUN_0055bc04	158
0055bca8	FUN_0055bca8	71
0055bee8	FUN_0055bee8	209
0055c0d8	FUN_0055c0d8	370
0055c338	FUN_0055c338	74
0055c384	FUN_0055c384	773
0055c690	FUN_0055c690	72
0055c6d8	FUN_0055c6d8	184
0055c790	FUN_0055c790	23
0055c7a8	FUN_0055c7a8	41
0055c930	FUN_0055c930	13
0055c940	FUN_0055c940	117
0055ca6c	FUN_0055ca6c	42
0055cc14	FUN_0055cc14	13
0055ccd8	FUN_0055ccd8	49
0055cd18	FUN_0055cd18	42
0055cd44	FUN_0055cd44	18
0055cd6c	FUN_0055cd6c	18
0055cd80	FUN_0055cd80	18
0055cda8	FUN_0055cda8	18
0055ce18	FUN_0055ce18	18
0055ce54	FUN_0055ce54	18
0055ce68	FUN_0055ce68	16
0055ce78	FUN_0055ce78	70
0055cec0	FUN_0055cec0	22
0055cf4c	FUN_0055cf4c	103
0055cfc0	FUN_0055cfc0	132
0055d080	FUN_0055d080	132
0055d610	TForm7_FormClose	4
0055d614	TForm7_Image1MouseDown	54
0055d64c	TForm7_FormCreate	24
0055d9f8	TForm7_BitBtn2Click	11
0055da04	TForm7_Shape1MouseDown	125
0055da90	TForm7_Shape2MouseDown	123
0055db1c	TForm7_BitBtn1Click	2268
0055e574	TForm7_estadocomboSelect	79
0055e5d0	TForm7_combo1Change	120
0055e654	TForm7_ComboBox1Select	79
0055e6b0	TForm7_FormShow	65
0055e6f4	TForm7_combo1KeyDown	330
0055ebcc	TForm73_FormClose	4
0055ebd0	TForm73_FormCreate	854
0055efa0	TForm73_Shape1MouseDown	76
0055efec	TForm73_Shape2MouseDown	76
0055f038	TForm73_BitBtn1Click	1512
0055f6c8	TForm73_checkapais	231
0055f7d0	TForm73_BitBtn2Click	11
0055f7dc	TForm73_image1Click	67
0055f820	FUN_0055f820	37
00560b44	TForm4_BitBtn2Click	11
00560b50	TForm4_FormKeyDown	53
00560b88	TForm4_FormCreate	1336
005610f4	TForm4_BitBtn1Click	2003
00561930	TForm4_Edit1Change	78
0056198c	TForm4_Edit2Change	78
005619e8	TForm4_Edit3Change	78
00561a44	TForm4_Edit4Change	78
00561aa0	TForm4_ComboBox1Select	78
00561afc	TForm4_estadocomboChange	86
00561b60	TForm4_Shape1MouseDown	145
00561c00	TForm4_Shape2MouseDown	145
00561ca0	TForm4_FormShow	65
00561ce4	TForm4_FormClose	4
00561ce8	TForm4_combo1Select	127
00561d74	TForm4_FormActivate	103
00561ddc	TForm4_combo1KeyDown	330
00561f44	TForm4_ComboBox2Select	23
00561f68	TForm4_Edit6Change	78
00561fc4	TForm4_combobox2Change	93
005623e4	TForm5_FormClose	4
005623e8	TForm5_FormShow	88
00562440	TForm5_FormCreate	982
00562860	TForm5_FormActivate	34
00562884	TForm5_BitBtn2Click	11
00562890	TForm5_BitBtn1Click	2324
005631dc	FUN_005631dc	513
00563404	TForm5_ComboBox1Change	6
0056340c	TForm5_TrackBar1Change	78
00563468	TForm5_FormKeyDown	468
0056363c	TForm5_combo1KeyDown	330
00563b44	TForm6_FormShow	103
00563bac	FUN_00563bac	594
00563e24	TForm6_ComboBox1Change	6
00563e2c	TForm6_FormCreate	566
00564094	TForm6_FormActivate	1832
005647f4	TForm6_BitBtn2Click	11
00564800	TForm6_FormClose	4
00564804	TForm6_BitBtn1Click	3693
00565728	TForm6_TrackBar1Change	78
00565784	TForm6_FormKeyDown	487
0056596c	TForm6_combo1KeyDown	330
00565de0	TForm79_FormClose	4
00565de4	TForm79_XiButton2Click	11
00565df0	TForm79_FormCreate	1044
005662a0	TForm79_XiButton1Click	43
005662cc	TForm79_grid1SelectCell	348
00566450	TForm79_XiButton3Click	289
00566580	FUN_00566580	37
00567224	TForm3_FormCreate	2168
00567bb4	TForm3_listtime	3736
00568b30	TForm3_getescudo	218
00568c30	TForm3_getcamisa	218
00568d30	TForm3_getcamisa2	218
00568e30	TForm3_getcamisa3	218
00568f40	TForm3_Image9Click	23
00568f58	TForm3_FormClose	4
00568f5c	TForm3_gridtimesSelectCell	58
00569120	TForm3_contatitulares	157
005691d8	TForm3_Grid1CellColoring	68
0056921c	TForm3_Grid1CellClick	1678
005698f0	TForm3_getnovoid	62
00569930	TForm3_timesalvar	498
00569b78	TForm3_gridtimesCellColoring	68
00569bbc	TForm3_gridtimesCellFormating	210
00569cbc	TForm3_gridtimesSortColumn	17
00569d2c	TForm3_sortbypaisnivel	1567
0056a3ac	TForm3_Image1MouseDown	117
0056a424	TForm3_Image5Click	103
0056a48c	TForm3_Image7Click	366
0056a68c	TForm3_Image6Click	135
0056a714	TForm3_gridtimesDblClick	12
0056a720	TForm3_Image10Click	170
0056a818	TForm3_selecaosalvar	628
0056ab34	TForm3_listjogselecao	3864
0056bba8	TForm3_Image12Click	753
0056bed4	TForm3_Image11Click	62
0056bf14	TForm3_Grid1DblClick	49
0056bf48	TForm3_Grid1KeyDown	892
0056c308	TForm3_Grid1MouseDown	53
0056c340	TForm3_Adicionarjogador1Click	12
0056c34c	TForm3_DeletarJogador1Click	12
0056c358	TForm3_EditarJogador1Click	12
0056c364	TForm3_ransferirjogador1Click	37
0056c38c	TForm3_transferejogador	829
0056c6f8	TForm3_xbt1Click	270
0056c80c	TForm3_xbt2Click	356
0056c984	TForm3_gridselecoesSelectCell	193
0056ca64	TForm3_xbt2DragDrop	205
0056cb50	TForm3_xbt2DragOver	34
0056cb74	TForm3_dragjogadorselecao	446
0056cd3c	TForm3_Label6Click	103
0056cda4	TForm3_FormKeyDown	248
0056ceb0	TForm3_gridtimesKeyDown	278
0056cfc8	TForm3_Button1Click	85
0056d0b0	TForm3_Label3Click	103
0056d118	FUN_0056d118	182
0056d224	TForm3_Button2Click	365
0056d3c4	TForm3_Button3Click	365
0056d564	TForm3_Button4Click	398
0056d700	TForm3_Edit1Change	21
0056d718	TForm3_Edit2Change	31
0056d738	TForm3_btpjClick	941
0056db24	TForm3_AdvGlowButton6Click	13
0056db34	TForm3_AdvGlowButton7Click	23
0056db4c	TForm3_btdupClick	561
0056dda4	TForm3_nivelButtonClick	1
0056dda8	TForm3_AdvGlowButton8Click	6
0056ddb0	TForm3_gridtimesHeaderClick	41
0056ddf0	TForm3_IMGJClick	402
0056dfac	TForm3_IMGPClick	402
0056e41c	TForm2_carregatimes	1504
0056ea98	TForm2_FormCreate	294
0056ebe0	TForm2_Timer1Timer	25
0056ebfc	TForm2_FormClose	4
0056ec00	TForm2_FormShow	65
0056ec44	TForm2_FormKeyDown	32
0056ec68	TForm2_FormPaint	75
0056ecb4	FUN_0056ecb4	37
0056fad4	FUN_0056fad4	183
0056fb8c	FUN_0056fb8c	181
0056fd44	FUN_0056fd44	77
0056fe58	FUN_0056fe58	91
0056feb4	FUN_0056feb4	95
0056ff14	FUN_0056ff14	127
0056ff94	FUN_0056ff94	111
00570004	FUN_00570004	147
00570098	FUN_00570098	148
0057012c	FUN_0057012c	124
005705d0	FUN_005705d0	7
005705d8	FUN_005705d8	37
00570624	FUN_00570624	40
00570674	FUN_00570674	34
00570698	FUN_00570698	34
0057073c	FUN_0057073c	43
00570768	FUN_00570768	43
00570794	FUN_00570794	27
005707e8	FUN_005707e8	122
00571254	TForm52_FormCreate	3313
005721b4	FUN_005721b4	617
0057255c	FUN_0057255c	1549
00572e1c	FUN_00572e1c	506
00573028	FUN_00573028	700
00573408	FUN_00573408	1333
005739d0	TForm52_bt_irprojogoClick	11
005739dc	TForm52_FormClose	96
00573a48	TForm52_FormPaint	89
00573ab8	TForm52_nometime1Click	223
00573b98	FUN_00573b98	261
00573d98	TForm52_HTMLabel1Click	14
005747d4	TForm78_FormShow	65
00574818	TForm78_FormPaint	89
00574888	TForm78_FormClose	4
0057488c	FUN_0057488c	2098
005751d0	FUN_005751d0	650
005754a0	FUN_005754a0	845
00575834	FUN_00575834	745
00575b64	FUN_00575b64	745
00575e94	TForm78_FormCreate	3473
00576d30	TForm78_gr1Click	314
00576e94	FUN_00576e94	5676
00578538	TForm78_bt3Click	11
00578544	TForm78_p1Click	159
005785fc	TForm78_FormKeyDown	53
00578840	FUN_00578840	397
005789d0	FUN_005789d0	87
00578a28	FUN_00578a28	957
00578de8	FUN_00578de8	1905
0057955c	FUN_0057955c	352
005796bc	FUN_005796bc	1239
00579b98	FUN_00579b98	54
00579bd0	FUN_00579bd0	79
00579c20	FUN_00579c20	135
0057a5f4	FUN_0057a5f4	107
0057a8e4	FUN_0057a8e4	55
0057a928	FUN_0057a928	10
0057aaa0	FUN_0057aaa0	10
0057ad54	FUN_0057ad54	947
0057b110	FUN_0057b110	23
0057b128	FUN_0057b128	23
0057b140	FUN_0057b140	189
0057b204	FUN_0057b204	28
0057b220	FUN_0057b220	28
0057b43c	FUN_0057b43c	37
0057b560	FUN_0057b560	59
0057b59c	FUN_0057b59c	24
0057b5b4	FUN_0057b5b4	24
0057b618	FUN_0057b618	24
0057b6e4	FUN_0057b6e4	180
0057b798	FUN_0057b798	110
0057b808	FUN_0057b808	245
0057b96c	FUN_0057b96c	42
0057c9b0	FUN_0057c9b0	10
0057cd04	TForm10_bt3Click	11
0057cd10	TForm10_FormClose	4
0057cd14	FUN_0057cd14	40
0057cd40	FUN_0057cd40	362
0057ceb4	TForm10_XiButton1Click	1017
0057d2e4	TForm10_FormCreate	1464
0057d948	TForm10_btconstruirClick	697
0057dc44	TForm10_FormShow	65
0057e0cc	TForm8_FormCreate	2438
0057eabc	TForm8_bt3Click	11
0057eac8	TForm8_FormClose	4
0057eacc	TForm8_upgClick	288
0057ec04	TForm8_upaClick	288
0057ed3c	TForm8_upcClick	288
0057ee74	TForm8_upcmClick	288
0057efac	TForm8_bt1Click	40
0057efd4	TForm8_FormShow	65
0057f018	TForm8_AdvGlowButton2Click	657
0058020c	FUN_0058020c	113
00580280	FUN_00580280	40
005802a8	FUN_005802a8	67
005802f0	FUN_005802f0	53
00580328	FUN_00580328	44
00580354	FUN_00580354	40
0058037c	FUN_0058037c	53
005803b4	FUN_005803b4	67
00580678	FUN_00580678	337
005807cc	FUN_005807cc	337
00580920	FUN_00580920	337
00580a74	FUN_00580a74	313
00580bb0	FUN_00580bb0	40
00580bd8	FUN_00580bd8	40
00580c00	FUN_00580c00	54
00580c38	FUN_00580c38	121
00580cc8	FUN_00580cc8	87
00580d20	FUN_00580d20	87
00580d78	FUN_00580d78	42
00584078	FUN_00584078	51
005840ac	FUN_005840ac	91
00584114	FUN_00584114	91
0058417c	FUN_0058417c	53
005841b4	FUN_005841b4	60
005841f0	FUN_005841f0	60
0058422c	FUN_0058422c	60
00584268	FUN_00584268	60
005842a4	FUN_005842a4	59
005842e0	FUN_005842e0	137
0058436c	FUN_0058436c	201
00584438	FUN_00584438	224
00584518	FUN_00584518	303
00584648	FUN_00584648	208
00584718	FUN_00584718	87
00584770	FUN_00584770	25
0058478c	FUN_0058478c	419
00584938	FUN_00584938	90
00584998	FUN_00584998	88
005849f4	FUN_005849f4	15
00584a04	FUN_00584a04	138
00584a90	FUN_00584a90	885
00584e08	FUN_00584e08	1020
00585204	FUN_00585204	238
005852f4	FUN_005852f4	318
00585440	FUN_00585440	17
00585454	FUN_00585454	862
005857c0	FUN_005857c0	318
0058590c	FUN_0058590c	17
00585920	FUN_00585920	955
0058626c	TForm91_FormPaint	106
005862ec	TForm91_Image8Click	11
005862f8	TForm91_FormClose	4
005862fc	FUN_005862fc	3513
00587214	TForm91_FormCreate	795
0058753c	TForm91_XiButton4Click	83
00587590	TForm91_btacaoClick	984
0058799c	TForm91_XiButton3Click	1346
00587f44	FUN_00587f44	667
0058820c	TForm91_gridview1SelectCell	96
0058826c	TForm91_Edit1Change	471
0058845c	TForm91_XiButton1Click	397
0058860c	TForm91_gridview1CellFormating	206
00588b40	TForm18_FormPaint	89
00588bb0	TForm18_FormClose	4
00588bb4	TForm18_bt3Click	37
00588bdc	FUN_00588bdc	149
00588c74	FUN_00588c74	2630
00589bf4	TForm18_list1CellColoring	39
00589c1c	TForm18_list1CellFormating	130
00589cc8	TForm18_combo1Select	942
0058a190	TForm18_list1SortColumn	7
0058a198	TForm18_list1DblClick	221
0058a284	TForm18_FormKeyDown	24
0058a29c	TForm18_combo1Change	114
0058a74c	TForm55_FormPaint	17
0058a7bc	FUN_0058a7bc	106
0058a828	FUN_0058a828	299
0058a954	FUN_0058a954	1916
0058b358	FUN_0058b358	2667
0058bdd4	FUN_0058bdd4	630
0058c058	TForm55_FormCreate	1626
0058c744	TForm55_FormClose	4
0058c748	TForm55_FormKeyDown	24
0058c760	TForm55_GridCellColoring	306
0058c8a8	TForm55_Image2Click	11
0058c8b4	FUN_0058c8b4	79
0058cb78	TForm49_FormClose	4
0058cb7c	TForm49_FormShow	65
0058cbc0	TForm49_FormPaint	89
0058cc30	TForm49_FormKeyDown	32
0058cc54	TForm49_bt1Click	19
0058cc68	TForm49_bt2Click	31
0058cc88	TForm49_FormCreate	614
0058d150	TForm61_FormPaint	89
0058d1c0	TForm61_bt2Click	338
0058d320	TForm61_FormKeyDown	24
0058d338	TForm61_FormCreate	375
0058d4d4	TForm61_btconfClick	11
0058d4e0	FUN_0058d4e0	37
0058d7b4	TForm60_FormClose	4
0058d7b8	TForm60_FormShow	65
0058d7fc	TForm60_FormPaint	89
0058d86c	TForm60_bt2Click	11
0058d878	TForm60_Edit1Change	453
0058da50	FUN_0058da50	2278
0058e37c	TForm60_bt1Click	809
0058e6cc	TForm60_FormCreate	1224
0058eec8	TForm58_FormPaint	89
0058ef38	TForm58_FormShow	65
0058ef7c	TForm58_bt3Click	11
0058ef88	TForm58_FormClose	4
0058ef8c	TForm58_FormKeyDown	24
0058efa4	FUN_0058efa4	2933
0058fcac	TForm58_Gridview1CellColoring	68
0058fcf0	TForm58_combopaisChange	85
005901ec	TForm74_XiButton1Click	11
005901f8	FUN_005901f8	299
00590324	TForm74_FormClose	4
00590328	FUN_00590328	399
005904fc	TForm74_FormCreate	1800
00590f8c	TForm16_XiButton1Click	11
00590f98	TForm16_FormClose	4
00590f9c	TForm16_FormCreate	68
0059123c	FUN_0059123c	1353
005917f4	FUN_005917f4	374
00591990	TForm16_FormPaint	89
00591a00	TForm16_XiButton2Click	12
00591a0c	TForm16_XiButton3Click	15
00591a1c	TForm16_gridview1DblClick	263
00592098	TForm47_FormPaint	89
00592108	TForm47_FormShow	15
00592118	TForm47_FormCreate	774
005924a8	FUN_005924a8	2751
00593034	TForm47_gridview1CellColoring	68
00593078	TForm47_gridview1CellFormating	192
00593158	TForm47_FormClose	4
0059315c	FUN_0059315c	1146
00593688	TForm47_gridview1SelectCell	73
005936e0	FUN_005936e0	3547
00594548	TForm47_combopaisClick	98
005945ac	TForm47_Label6Click	45
005945dc	TForm47_Label4Click	208
005946c8	TForm47_XiButton1Click	12
005946d4	TForm47_XiButton3Click	15
005946e4	TForm47_Image2Click	11
005946f0	FUN_005946f0	55
00594c90	TForm27_FormShow	15
00594ca0	TForm27_FormPaint	89
00594d10	TForm27_FormClose	4
00594d14	TForm27_bt3Click	11
00594d20	TForm27_FormCreate	1601
005953f8	TForm27_button2Click	4793
0059686c	TForm27_gfindCellColoring	68
005968b0	TForm27_gfindDblClick	283
005969e8	TForm27_bt1Click	245
00596afc	TForm27_FormKeyDown	24
00596b14	TForm27_gfindSortColumn	7
00596b1c	TForm27_gfindHeaderClick	199
00596c08	TForm27_Image4Click	11
00596c14	FUN_00596c14	49
00597468	FUN_00597468	6445
00598f54	TForm14_FormClose	173
00599048	TForm14_FormPaint	89
005990b8	TForm14_FormCreate	1061
005994ec	TForm14_bt3Click	11
005994f8	TForm14_TreeView1Change	343
00599650	TForm14_joglistCellColoring	64
00599690	TForm14_joglistSelectCell	731
00599988	FUN_00599988	2087
0059a454	FUN_0059a454	368
0059a69c	TForm14_gridview3CellColoring	16
0059a6ac	TForm14_gridview3CellFormating	74
0059a6fc	TForm14_bt1Click	1346
0059acc0	TForm14_bt2Click	265
0059add4	TForm14_Image3Click	55
0059ae0c	TForm14_joglistDblClick	208
0059aef8	TForm14_Histricodejogos1Click	208
0059afe4	TForm14_FormKeyDown	24
0059affc	FUN_0059affc	1872
0059b77c	TForm14_NextGrid1SelectCell	305
0059b8cc	TForm14_Label26Click	66
0059b910	TForm14_bt4Click	1000
0059bd18	FUN_0059bd18	288
0059be38	TForm14_joglistCellFormating	233
0059bf88	TForm14_Image13Click	203
0059c100	TForm14_XiButton2Click	219
0059c1f4	TForm14_Image4Click	203
0059c2d8	TForm14_vendejAnchorClick	31
0059c300	TForm14_Image8Click	55
0059c338	TForm14_Image8MouseDown	408
0059c4d0	TForm14_Image8MouseMove	424
0059c688	FUN_0059c688	87
0059ca68	FUN_0059ca68	3862
0059da10	TForm15_FormClose	34
0059da34	TForm15_FormShow	65
0059da78	TForm15_FormPaint	89
0059dae8	TForm15_FormKeyDown	44
0059db14	TForm15_FormCreate	623
0059dd94	TForm15_bt3Click	341
0059def8	TForm15_Gridview1CellColoring	68
0059e314	TForm20_XiButton1Click	11
0059e35c	FUN_0059e35c	1502
0059e9d0	FUN_0059e9d0	1602
0059f0a0	TForm20_FormCreate	997
0059f50c	FUN_0059f50c	1564
0059fb88	TForm20_combo1Select	795
0059fee8	TForm20_combo2Change	51
0059ff1c	TForm20_Label1Click	8
0059ff24	TForm20_FormKeyDown	24
0059ff3c	TForm20_combopaisChange	292
005a0060	TForm20_FormPaint	89
005a00d0	TForm20_t1DblClick	226
005a05f8	TForm22_FormClose	4
005a05fc	TForm22_FormPaint	89
005a066c	TForm22_FormShow	65
005a06b0	TForm22_FormKeyDown	24
005a06c8	TForm22_XiButton2Click	11
005a06d4	TForm22_FormCreate	2317
005a1370	TForm24_FormShow	65
005a13b4	TForm24_FormPaint	89
005a1424	TForm24_FormClose	53
005a1464	TForm24_bt3Click	11
005a1470	TForm24_Edit1Change	208
005a154c	TForm24_FormCreate	832
005a18fc	TForm24_UpDown1Click	377
005a1a90	TForm24_FormKeyDown	23
005a1aa8	FUN_005a1aa8	40
005a1ad0	TForm24_CHButton1Click	761
005a1e54	FUN_005a1e54	85
005a1eb4	FUN_005a1eb4	942
005a2548	TForm25_FormShow	65
005a258c	TForm25_FormPaint	89
005a25fc	TForm25_FormClose	53
005a263c	TForm25_FormCreate	218
005a272c	TForm25_button1Click	49
005a2760	TForm25_button2Click	11
005a276c	TForm25_Timer1Timer	54
005a27a8	TForm25_FormKeyDown	32
005a2c84	TForm23_FormPaint	89
005a2cf4	TForm23_FormClose	46
005a2d24	TForm23_FormCreate	682
005a2fe4	FUN_005a2fe4	47
005a3014	FUN_005a3014	2639
005a3ac8	FUN_005a3ac8	548
005a3d1c	FUN_005a3d1c	1452
005a42e0	FUN_005a42e0	105
005a4354	FUN_005a4354	434
005a4550	FUN_005a4550	218
005a4648	TForm23_CHButton1Click	841
005a49c4	TForm23_Edit1Change	207
005a4aa0	TForm23_FormKeyDown	32
005a4ac4	TForm23_Timer1Timer	25
005a4ae0	TForm23_Timer2Timer	25
005a5118	TForm28_FormClose	4
005a511c	TForm28_FormPaint	89
005a518c	TForm28_FormShow	65
005a51d0	TForm28_FormKeyDown	24
005a51e8	TForm28_bt3Click	11
005a51f4	TForm28_bt1Click	730
005a5520	TForm28_bt2Click	719
005a5bf4	TForm29_FormShow	15
005a5c04	TForm29_FormPaint	89
005a5c74	TForm29_FormClose	72
005a5cc8	TForm29_XiButton1Click	11
005a5cd4	TForm29_FormCreate	966
005a6148	FUN_005a6148	970
005a6660	FUN_005a6660	1327
005a6d08	FUN_005a6d08	351
005a6e88	TForm29_combo1Select	272
005a6f98	FUN_005a6f98	100
005a6ffc	TForm29_updatecontrole	1352
005a7554	TForm29_combo2Select	39
005a757c	TForm29_FormKeyDown	24
005a7594	TForm29_combopaisSelect	78
005a75e4	TForm29_Button1Click	17
005a7938	TForm64_Shape1MouseDown	164
005a7a0c	TForm64_Shape2MouseDown	164
005a7ae0	TForm64_Shape3MouseDown	164
005a7bb4	TForm64_Shape4MouseDown	164
005a7c88	TForm64_Shape5MouseDown	164
005a7d5c	TForm64_XiButton2Click	394
005a7f54	TForm64_XiButton1Click	47
005a7f84	TForm64_FormClose	4
005a7f88	TForm64_FormCreate	349
005a87a8	TForm32_FormPaint	89
005a8818	TForm32_XiButton2Click	49
005a884c	TForm32_FormCreate	3419
005a95c0	TForm32_ComboBox2Select	104
005a9658	TForm32_ComboBox1Select	295
005a97b4	TForm32_ComboBox4Select	295
005a9910	TForm32_ComboBox3Select	122
005a99c0	TForm32_ComboBox5Select	122
005a9a74	TForm32_ComboBox6Select	122
005a9b20	TForm32_cksomClick	91
005a9bb4	TForm32_cknegritoClick	91
005a9c4c	TForm32_ckcorClick	151
005a9d30	TForm32_FormClose	4
005a9d34	TForm32_FormShow	65
005a9d78	TForm32_FormKeyDown	55
005a9db4	TForm32_Image1Click	40
005a9ddc	TForm32_ComboBox7Select	104
005a9e74	TForm32_list1CellClick	365
005aa004	TForm32_combo41Select	122
005aa0ac	TForm32_combo42Select	122
005aa154	TForm32_combo61Select	122
005aa1fc	TForm32_combo62Select	122
005aa2a4	TForm32_ckcontratoClick	91
005aa33c	TForm32_chdestaqueClick	86
005aa3cc	TForm32_c1dMouseDown	120
005aa470	TForm32_c2dMouseDown	119
005aa514	TForm32_c3dMouseDown	119
005ac040	TForm35_FormShow	71
005ac088	TForm35_FormPaint	89
005ac0f8	TForm35_FormKeyDown	24
005ac110	TForm35_XiButton1Click	11
005ac11c	TForm35_FormCreate	486
005ac334	FUN_005ac334	348
005ac4c4	FUN_005ac4c4	136
005ac564	FUN_005ac564	194
005ac650	FUN_005ac650	471
005ac870	FUN_005ac870	475
005acaa8	FUN_005acaa8	333
005acc34	FUN_005acc34	1045
005ad0e4	FUN_005ad0e4	245
005ad1f4	FUN_005ad1f4	2605
005adc9c	TForm35_Label3Click	132
005add20	TForm35_Image1Click	11
005add2c	FUN_005add2c	37
005ae33c	FUN_005ae33c	84
005ae400	TForm36_FormCreate	1048
005ae838	TForm36_combo1Change	39
005ae860	FUN_005ae860	593
005aedfc	FUN_005aedfc	4225
005b00e8	FUN_005b00e8	4945
005b1514	FUN_005b1514	896
005b18a4	FUN_005b18a4	3933
005b2960	FUN_005b2960	3356
005b36e4	FUN_005b36e4	3314
005b44f8	TForm36_FormShow	65
005b453c	TForm36_FormClose	4
005b4540	TForm36_Button1Click	11
005b454c	TForm36_listd1Compare	602
005b47b8	TForm36_Image1Click	35
005b47dc	TForm36_FormPaint	106
005b485c	TForm36_FormKeyDown	24
005b4874	TForm36_combopaisChange	146
005b4914	TForm36_bttesteClick	24
005b492c	TForm36_Image8Click	11
005b4938	TForm36_Image2Click	34
005b495c	TForm36_Image3Click	52
005b4990	TForm36_Image4Click	49
005b49c4	TForm36_Image5Click	52
005b49f8	TForm36_Image6Click	52
005b4a2c	TForm36_Image7Click	52
005b4a60	TForm36_Image9Click	33
005b4a84	TForm36_Image10Click	33
005b4aa8	TForm36_Image11Click	33
005b4acc	TForm36_Image12Click	8
005b4ad4	FUN_005b4ad4	386
005b4e74	TForm41_FormShow	65
005b4eb8	TForm41_FormKeyDown	32
005b4edc	TForm41_BitBtn1Click	163
005b4f9c	TForm41_BitBtn2Click	11
005b4fa8	TForm41_FormClose	4
005b4fac	TForm41_FormCreate	134
005b52dc	TForm40_Edit1Change	92
005b5344	TForm40_bt1Click	359
005b54e8	TForm40_FormClose	4
005b54ec	TForm40_FormKeyDown	32
005b5510	TForm40_FormCreate	3
005b5654	FUN_005b5654	36
005b5678	FUN_005b5678	146
005b570c	FUN_005b570c	2849
005b65ec	TForm42_FormShow	111
005b665c	TForm42_FormPaint	89
005b66cc	TForm42_FormClose	4
005b66d0	TForm42_FormCreate	716
005b6a30	TForm42_bt1Click	11
005b6a3c	TForm42_XiButton1Click	89
005b6ad0	FUN_005b6ad0	6239
005b83e8	TForm42_XiButton2Click	21
005b8400	TForm42_FormKeyDown	32
005b8424	TForm42_Image1Click	11
005b8430	FUN_005b8430	37
005b87a0	TForm44_FormShow	65
005b87e4	TForm44_FormPaint	89
005b8854	TForm44_FormCreate	1469
005b8ed8	TForm44_Edit1Change	390
005b906c	TForm44_Edit2Change	390
005b9200	TForm44_bt1Click	504
005b9428	TForm44_ck1Click	177
005b94e8	TForm44_FormClose	4
005b94ec	TForm44_XiButton1Click	19
005b9500	FUN_005b9500	37
005b977c	TForm45_FormShow	65
005b97c0	TForm45_FormClose	4
005b97c4	TForm45_FormCreate	27
005b97e0	TForm45_FormKeyDown	24
005b97f8	TForm45_XiButton2Click	11
005b9804	TForm45_Label4Click	155
005b9c40	TForm48_FormPaint	89
005b9cb0	TForm48_FormShow	65
005b9cf4	TForm48_FormClose	4
005b9cf8	TForm48_CHButton1Click	11
005b9d04	TForm48_XiButton1Click	133
005b9d94	TForm48_FormCreate	482
005b9fd8	TForm48_Image1Click	11
005b9fe4	FUN_005b9fe4	37
005ba284	TForm51_FormKeyDown	32
005ba2a8	TForm51_FormClose	4
005ba2ac	TForm51_bt2Click	44
005ba2d8	TForm51_Edit1Change	126
005ba364	TForm51_FormCreate	231
005ba744	TForm50_FormShow	65
005ba788	TForm50_FormClose	4
005ba78c	TForm50_bt1Click	411
005ba978	TForm50_bt2Click	637
005bac10	FUN_005bac10	679
005baf04	TForm50_FormCreate	210
005bafe4	TForm50_Image2Click	11
005baff0	TForm50_FormPaint	106
005bb464	FUN_005bb464	42
005bb514	FUN_005bb514	31
005bb534	FUN_005bb534	16
005bb544	FUN_005bb544	19
005bb704	FUN_005bb704	15
005bb714	FUN_005bb714	83
005bb7b8	FUN_005bb7b8	36
005bb938	FUN_005bb938	18
005bb950	FUN_005bb950	23
005bb9a4	FUN_005bb9a4	16
005bb9b4	FUN_005bb9b4	37
005bbee8	FUN_005bbee8	61
005bbf88	FUN_005bbf88	67
005bbfd8	FUN_005bbfd8	90
005bc040	FUN_005bc040	67
005bc090	FUN_005bc090	84
005bc11c	FUN_005bc11c	104
005bc1a0	FUN_005bc1a0	29
005bc1d0	FUN_005bc1d0	60
005bc20c	FUN_005bc20c	52
005bc260	FUN_005bc260	60
005bc29c	FUN_005bc29c	413
005bc7d4	FUN_005bc7d4	60
005bc810	FUN_005bc810	110
005bcc54	FUN_005bcc54	70
005bcccc	FUN_005bcccc	27
005bcce8	FUN_005bcce8	27
005bcd6c	FUN_005bcd6c	24
005bcd84	FUN_005bcd84	62
005bcf58	FUN_005bcf58	63
005bcfa4	FUN_005bcfa4	123
005bd0b0	FUN_005bd0b0	38
005bd0d8	FUN_005bd0d8	95
005bd148	FUN_005bd148	85
005bda20	FUN_005bda20	62
005bda6c	FUN_005bda6c	93
005bdae8	FUN_005bdae8	31
005bdb08	FUN_005bdb08	35
005bdb2c	FUN_005bdb2c	87
005bdba8	FUN_005bdba8	19
005bdbbc	FUN_005bdbbc	16
005bdbcc	FUN_005bdbcc	19
005bdbe0	FUN_005bdbe0	12
005bdbec	FUN_005bdbec	71
005bde68	FUN_005bde68	56
005bdf60	FUN_005bdf60	636
005be2a8	FUN_005be2a8	282
005be3f0	FUN_005be3f0	171
005be6c0	FUN_005be6c0	86
005be728	FUN_005be728	63
005be768	FUN_005be768	29
005be7d4	FUN_005be7d4	93
005be834	FUN_005be834	18
005be848	FUN_005be848	80
005be898	FUN_005be898	19
005be8ac	FUN_005be8ac	31
005be8cc	FUN_005be8cc	130
005be95c	FUN_005be95c	78
005be9b8	FUN_005be9b8	24
005be9d0	FUN_005be9d0	141
005bea60	FUN_005bea60	64
005beaa0	FUN_005beaa0	390
005bec40	FUN_005bec40	196
005bef44	FUN_005bef44	6
005bef4c	FUN_005bef4c	24
005bef64	FUN_005bef64	24
005bf030	FUN_005bf030	41
005bf05c	FUN_005bf05c	6
005bf144	FUN_005bf144	219
005bf234	FUN_005bf234	167
005bf2ec	FUN_005bf2ec	80
005bf34c	FUN_005bf34c	80
005bf39c	FUN_005bf39c	78
005bf6dc	FUN_005bf6dc	156
005bf874	FUN_005bf874	90
005bf954	FUN_005bf954	130
005bfc58	FUN_005bfc58	22
005bfc70	FUN_005bfc70	22
005bfcc4	FUN_005bfcc4	17
005bfce4	FUN_005bfce4	161
005bfd94	FUN_005bfd94	12
005bfda0	FUN_005bfda0	23
005bfdb8	FUN_005bfdb8	153
005bfe64	FUN_005bfe64	12
005bfe70	FUN_005bfe70	12
005bfe7c	FUN_005bfe7c	9
005bff3c	FUN_005bff3c	148
005bffdc	FUN_005bffdc	35
005c0000	FUN_005c0000	36
005c0024	FUN_005c0024	12
005c0030	FUN_005c0030	24
005c0048	FUN_005c0048	62
005c0094	FUN_005c0094	12
005c00a0	FUN_005c00a0	12
005c00ac	FUN_005c00ac	9
005c0114	FUN_005c0114	56
005c0174	FUN_005c0174	9
005c0198	FUN_005c0198	16
005c01a8	FUN_005c01a8	19
005c0694	FUN_005c0694	72
005c1528	FUN_005c1528	57
005c15dc	FUN_005c15dc	89
005c1688	FUN_005c1688	54
005c184c	FUN_005c184c	35
005c1904	FUN_005c1904	153
005c1a78	FUN_005c1a78	25
005c1af4	FUN_005c1af4	210
005c1bd4	FUN_005c1bd4	54
005c1c0c	FUN_005c1c0c	89
005c1c74	FUN_005c1c74	169
005c1d6c	FUN_005c1d6c	145
005c1e28	FUN_005c1e28	171
005c1f54	FUN_005c1f54	190
005c2204	FUN_005c2204	35
005c2228	FUN_005c2228	21
005c25e4	TForm62_FormShow	65
005c2628	TForm62_FormPaint	75
005c2674	TForm62_bt1Click	347
005c27fc	TForm62_FormClose	4
005c2800	TForm62_FormCreate	195
005c28f8	FUN_005c28f8	3357
005c36d0	TForm62_grid1CellColoring	68
005c3714	TForm62_grid1CellFormating	230
005c3858	TForm62_grid1SelectCell	461
005c3a5c	TForm62_XiButton1Click	106
005c3ac8	TForm62_XiButton2Click	38
005c4378	TForm69_XiButton1Click	11
005c4384	TForm69_FormClose	4
005c4388	TForm69_FormShow	71
005c43d0	TForm69_FormPaint	89
005c4440	TForm69_FormKeyDown	24
005c4458	FUN_005c4458	339
005c45e0	FUN_005c45e0	221
005c46f0	FUN_005c46f0	136
005c4790	FUN_005c4790	241
005c489c	FUN_005c489c	106
005c4e38	TForm69_combo1Change	117
005c4f98	TForm69_Image1Click	11
005c4fa4	FUN_005c4fa4	37
005c5530	TForm63_FormPaint	17
005c55a0	TForm63_FormClose	4
005c55a4	TForm63_FormCreate	1681
005c5c78	FUN_005c5c78	149
005c5d38	FUN_005c5d38	4088
005c6e6c	FUN_005c6e6c	144
005c6efc	FUN_005c6efc	347
005c7070	TForm63_t1CellColoring	118
005c70f4	TForm63_t1DblClick	182
005c71b8	FUN_005c71b8	64
005c71f8	FUN_005c71f8	109
005c7268	FUN_005c7268	232
005c7350	FUN_005c7350	59
005c738c	FUN_005c738c	93
005c73ec	FUN_005c73ec	190
005c74ac	TForm63_XiButton3Click	79
005c74fc	TForm63_bt3Click	79
005c754c	FUN_005c754c	58
005c7588	FUN_005c7588	118
005c7600	FUN_005c7600	33
005c7624	TForm63_c1Click	79
005c7674	TForm63_combo1Change	321
005c77d8	TForm63_bt1Click	79
005c7828	TForm63_combopaisChange	28
005c7844	TForm63_Image1Click	98
005c78a8	TForm63_Image2Click	329
005c7a14	TForm63_Image3Click	393
005c7bb4	TForm63_Image4Click	393
005c7d54	TForm63_Image5Click	393
005c7ef4	TForm63_Image6Click	393
005c8094	TForm63_Image7Click	393
005c8234	TForm63_Image9Click	11
005c8240	TForm63_imgfecharClick	11
005c824c	FUN_005c824c	37
005c8494	TForm65_XiButton2Click	19
005c84a8	TForm65_XiButton1Click	11
005c84b4	TForm65_FormShow	65
005c84f8	TForm65_FormClose	4
005c84fc	TForm65_FormCreate	161
005c88e8	TForm68_FormClose	4
005c88ec	TForm68_FormShow	65
005c8930	TForm68_FormPaint	89
005c89a0	TForm68_FormCreate	1903
005c9190	TForm68_bt3Click	229
005c92ac	TForm68_XiButton1Click	11
005c92b8	TForm68_FormKeyDown	32
005c9314	FUN_005c9314	32
005c9334	FUN_005c9334	2151
005c9fe0	FUN_005c9fe0	37
005ca530	TForm71_FormShow	65
005ca574	TForm71_FormPaint	89
005ca5e4	TForm71_FormClose	113
005ca660	TForm71_bt1Click	220
005ca73c	TForm71_bt2Click	239
005ca82c	TForm71_bt3Click	11
005ca838	TForm71_listr2CellColoring	39
005ca860	FUN_005ca860	1251
005cae04	FUN_005cae04	3253
005cbc18	FUN_005cbc18	2691
005cc7b0	FUN_005cc7b0	3509
005cd6c4	TForm71_FormCreate	1096
005cdbb8	TForm71_FormKeyDown	23
005cdbd0	TForm71_combopaisChange	215
005cdca8	TForm71_btiClick	133
005cdd30	TForm71_bt4Click	220
005cde0c	FUN_005cde0c	71
005ce098	TForm72_FormShow	65
005ce0dc	TForm72_FormPaint	89
005ce14c	TForm72_FormClose	4
005ce150	TForm72_FormCreate	184
005ce214	TForm72_bt3Click	11
005ce220	FUN_005ce220	37
005ce7cc	FUN_005ce7cc	2083
005cf0b8	FUN_005cf0b8	91
005cf114	FUN_005cf114	3016
005cfe0c	FUN_005cfe0c	219
005cff28	TForm75_FormCreate	1260
005d047c	TForm75_Label4Click	40
005d04a4	TForm75_combtatClick	20
005d04b8	TForm75_gridview1CellColoring	68
005d04fc	TForm75_gridview1CellClick	1202
005d0ab0	TForm75_Label13Click	26
005d0acc	TForm75_SalvarClick	36
005d0af0	TForm75_opcoesClick	51
005d0b24	TForm75_Sairdojogo1Click	13
005d0b34	FUN_005d0b34	160
005d0bd4	TForm75_FormKeyDown	88
005d0c30	TForm75_FormPaint	89
005d0ca0	TForm75_btjogarClick	68
005d106c	TForm76_FormPaint	89
005d10dc	TForm76_FormClose	4
005d10e0	TForm76_FormShow	71
005d1128	TForm76_FormCreate	1368
005d16f4	TForm76_btfecharClick	300
005d1830	TForm76_r1Click	14
005d1840	TForm76_FormKeyDown	32
005d1864	TForm76_XiButton1Click	35
005d1888	FUN_005d1888	37
005d1ab0	TForm80_FormShow	65
005d1af4	TForm80_FormCreate	379
005d1c7c	FUN_005d1c7c	37
005d1ef0	TForm84_FormShow	65
005d1f34	TForm84_FormPaint	89
005d1fa4	TForm84_FormClose	4
005d1fa8	TForm84_XiButton2Click	19
005d1fbc	TForm84_XiButton1Click	19
005d1fd0	TForm84_FormCreate	363
005d250c	FUN_005d250c	149
005d25a4	FUN_005d25a4	592
005d280c	TForm81_FormCreate	735
005d2b04	FUN_005d2b04	595
005d2d70	FUN_005d2d70	116
005d2de4	TForm81_bt1Click	909
005d3190	TForm81_combo1Select	31
005d31b0	TForm81_ComboBox1Select	14
005d31c0	TForm81_XiButton1Click	11
005d31cc	TForm81_FormClose	4
005d31d0	TForm81_FormShow	65
005d3214	TForm81_FormPaint	89
005d3538	TForm82_FormShow	65
005d357c	TForm82_FormPaint	89
005d35ec	TForm82_FormClose	4
005d35f0	TForm82_FormCreate	547
005d3834	TForm82_button1Click	561
005d3a90	TForm82_XiButton1Click	11
005d3a9c	FUN_005d3a9c	37
005d3b58	FUN_005d3b58	74
005d3ba4	FUN_005d3ba4	988
005d3f80	FUN_005d3f80	1604
005d45c4	FUN_005d45c4	78
005d4614	FUN_005d4614	349
005d4774	FUN_005d4774	4339
005d5868	FUN_005d5868	623
005d5ad8	FUN_005d5ad8	74
005d5b24	FUN_005d5b24	365
005d60c4	TForm30_FormClose	51
005d60f8	TForm30_FormPaint	89
005d6168	TForm30_FormKeyDown	32
005d61ac	FUN_005d61ac	932
005d6584	TForm30_FormCreate	1430
005d6b3c	TForm30_bt3Click	523
005d6d48	TForm30_XiButton1Click	11
005d6d54	TForm30_FormShow	65
005d6d98	TForm30_r1Click	32
005d6db8	TForm30_bt2Click	84
005d70d8	TForm70_FormClose	4
005d70dc	TForm70_FormCreate	3062
005d7dcc	TForm70_bt3Click	11
005d7dd8	TForm70_FormPaint	89
005d7e48	TForm70_combopaisChange	460
005d8020	TForm70_combo1Change	70
005d8068	FUN_005d8068	1132
005d856c	TForm70_ComboBox1Change	6
005d8574	TForm70_comboanoChange	6
005d87e8	TForm85_FormShow	65
005d882c	TForm85_FormPaint	89
005d889c	TForm85_FormClose	4
005d88a0	TForm85_XiButton1Click	19
005d88b4	TForm85_XiButton2Click	19
005d88c8	TForm85_FormCreate	161
005d8d1c	TForm26_bt3Click	1472
005d92fc	TForm26_FormClose	4
005d9300	TForm26_FormPaint	89
005d9370	TForm26_FormShow	88
005d9404	TForm26_FormCreate	713
005d9754	FUN_005d9754	1270
005d9c4c	FUN_005d9c4c	161
005d9cf0	FUN_005d9cf0	209
005d9de0	FUN_005d9de0	209
005d9ed0	FUN_005d9ed0	15255
005ddd24	FUN_005ddd24	3325
005deb00	FUN_005deb00	453
005deccc	FUN_005deccc	3141
005df914	FUN_005df914	1246
005dfe10	FUN_005dfe10	3486
005e0be0	FUN_005e0be0	145
005e0c74	FUN_005e0c74	80
005e0cc4	FUN_005e0cc4	1545
005e12d0	TForm26_Timer1Timer	59
005e130c	TForm26_FormKeyDown	55
005e1348	TForm26_combopaisChange	25
005e1364	TForm26_gridcCellFormating	218
005e147c	TForm26_gridiCellFormating	218
005e1598	TForm26_bttimeanoClick	51
005e15cc	FUN_005e15cc	97
005e1888	TForm59_FormShow	65
005e18cc	TForm59_FormKeyDown	32
005e18f0	TForm59_FormClose	4
005e18f4	TForm59_FormCreate	426
005e1ab8	TForm59_XiButton1Click	11
005e1ac4	TForm59_bt3Click	152
005e1b5c	FUN_005e1b5c	37
005e1de4	TForm86_FormClose	4
005e1de8	TForm86_Shape1MouseDown	76
005e1e34	TForm86_Shape2MouseDown	76
005e1e80	TForm86_FormCreate	216
005e1f64	TForm86_XiButton1Click	211
005e2038	FUN_005e2038	37
005e2414	TForm83_FormCreate	1190
005e2930	TForm83_bt3Click	11
005e293c	TForm83_FormClose	4
005e2940	TForm83_combopaisChange	460
005e2b18	FUN_005e2b18	3719
005e3aa0	TForm83_combo1Change	70
005e3e2c	TForm90_FormShow	65
005e3e70	TForm90_bt3Click	11
005e3e7c	TForm90_FormClose	4
005e3e80	TForm90_FormPaint	89
005e3ef0	TForm90_AdvGlowButton4Click	11
005e3efc	TForm90_FormCreate	857
005e42a4	TForm90_AdvGlowButton3Click	1052
005e4710	TForm90_AdvGlowButton1Click	203
005e47f4	TForm90_AdvGlowButton2Click	244
005e5264	FUN_005e5264	86
005e5314	FUN_005e5314	268
005e547c	FUN_005e547c	5467
005e6b70	FUN_005e6b70	142
005e6c00	TForm87_FormCreate	5198
005e82a0	FUN_005e82a0	2362
005e8c30	FUN_005e8c30	1625
005e92dc	FUN_005e92dc	1603
005e9970	FUN_005e9970	192
005e9a30	FUN_005e9a30	898
005e9de8	FUN_005e9de8	282
005e9f40	TForm87_gridview1DragOver	7
005e9f48	TForm87_gridview1StartDrag	13
005e9f58	TForm87_gridview1MouseDown	45
005e9f88	TForm87_Image2DragDrop	37
005e9fb8	TForm87_Image2DragOver	34
005e9fdc	TForm87_Image2MouseDown	7
005e9fe4	TForm87_ImagecamisaStartDrag	145
005ea078	TForm87_ImagecamisaEndDrag	20
005ea08c	TForm87_ImagecamisaMouseDown	229
005ea180	TForm87_labnumeroMouseDown	154
005ea21c	FUN_005ea21c	929
005ea6e4	FUN_005ea6e4	35
005ea708	TForm87_ImagecamisaDragDrop	3396
005eb4c4	TForm87_Label2MouseMove	7
005eb4cc	TForm87_Image2MouseUp	7
005eb4d4	TForm87_Image1DragOver	68
005eb518	FUN_005eb518	491
005eb714	FUN_005eb714	132
005eb798	TForm87_Image1DragDrop	416
005eb938	TForm87_Image1StartDrag	1
005eb93c	TForm87_Image1EndDrag	7
005eb944	TForm87_FormPaint	19
005eb9b4	TForm87_combtatClick	106
005eba2c	TForm87_ckescalacaoClick	91
005ebac4	TForm87_comboejClick	41
005ebaf0	TForm87_combo_cataqChange	41
005ebb1c	TForm87_combomarcChange	41
005ebb48	TForm87_bt_voltarClick	58
005ebb84	TForm87_bt_irprojogoClick	1072
005ebfd4	TForm87_Button1Click	86
005ec02c	TForm87_Button2Click	1015
005ec434	TForm87_Button3Click	1
005ec438	TForm87_combo2Change	50
005ec46c	TForm87_combo1Change	50
005ec4a0	TForm87_gridview1SelectCell	128
005ec540	TForm87_Button4Click	104
005ec5b4	TForm87_rd2Click	164
005ec668	TForm87_rd1Click	164
005ec71c	TForm87_rd3Click	164
005ec7d0	TForm87_AdvGlowButton1Click	40
005ecb58	FUN_005ecb58	344
005ed040	TForm21_BitBtn2Click	26
005ed0a0	TForm21_FormCreate	665
005ed370	TForm21_grid1SelectCell	12
005ed37c	TForm21_BitBtn3Click	144
005ed444	FUN_005ed444	3787
005ee484	TForm21_BitBtn1Click	6
005ee48c	TForm21_FormPaint	151
005ee740	TForm17_Button1Click	15
005ee750	FUN_005ee750	37
005eea60	TForm19_FormCreate	1696
005ef174	TForm19_FormClose	15
005ef184	TForm19_grid1CellColoring	115
005ef208	TForm19_grid1CellFormating	117
005ef290	TForm19_XiButton1Click	11
005ef29c	TForm19_FormPaint	89
005ef5ec	TForm57_FormShow	92
005ef648	TForm57_FormPaint	89
005ef6b8	TForm57_FormKeyDown	74
005ef708	TForm57_XiButton2Click	11
005ef714	FUN_005ef714	381
005ef8b4	TForm57_FormCreate	746
005efc94	TForm57_FormClose	52
005efcec	TForm57_Timer1Timer	31
005efd0c	FUN_005efd0c	37
005f0250	TForm77_bt2Click	703
005f0530	TForm77_FormCreate	1077
005f099c	TForm77_XiButton3Click	3003
005f16b4	TForm77_FormShow	46
005f16e4	TForm77_gfindSelectCell	596
005f196c	TForm77_XiButton1Click	1816
005f2134	TForm77_XiButton2Click	356
005f22b8	TForm77_gselSelectCell	20
005f22cc	TForm77_FormPaint	89
005f233c	TForm77_FormClose	4
005f2b70	FUN_005f2b70	1619
005f3380	FUN_005f3380	186
005f343c	FUN_005f343c	1108
005f3890	FUN_005f3890	2019
005f4074	FUN_005f4074	84
005f40d4	FUN_005f40d4	940
005f4480	FUN_005f4480	2931
005f5080	FUN_005f5080	3567
005f5e80	TForm67_FormClose	57
005f5ec4	TForm67_bt2Click	224
005f5fb4	FUN_005f5fb4	173
005f60a4	FUN_005f60a4	4804
005f768c	FUN_005f768c	739
005f7970	FUN_005f7970	456
005f7c28	FUN_005f7c28	3130
005f88dc	TForm67_get_substituto	311
005f8a14	TForm67_addnaescalacao	1637
005f9224	TForm67_cocorCellColoring	16
005f9234	TForm67_combo11Change	37
005f925c	FUN_005f925c	121
005f92d8	FUN_005f92d8	131
005f9388	TForm67_bt3Click	804
005f96dc	FUN_005f96dc	292
005f9800	FUN_005f9800	241
005f98f4	FUN_005f98f4	119
005f996c	FUN_005f996c	88
005f99c4	FUN_005f99c4	518
005f9bcc	FUN_005f9bcc	507
005f9dc8	FUN_005f9dc8	137
005f9e54	FUN_005f9e54	168
005f9efc	FUN_005f9efc	21
005f9f14	FUN_005f9f14	21
005f9f2c	FUN_005f9f2c	241
005fa020	FUN_005fa020	355
005fa184	TForm67_Timer1Timer	36
005fa1a8	TForm67_FormKeyDown	55
005fa1e4	TForm67_Button1Click	77
005fa254	TForm67_grid1KeyDown	271
005fa380	TForm67_combopaisChange	37
005fa3a8	TForm67_grid1Click	251
005fa4bc	TForm67_CombolibChange	29
005fa4dc	FUN_005fa4dc	139
005fa568	TForm67_FormCreate	1598
005fabec	TForm67_FormPaint	89
005fac5c	TForm67_grid1SelectCell	253
005fad94	FUN_005fad94	1088
005fb1e4	TForm67_Button2Click	49
005fb218	TForm67_Image4Click	51
005fb24c	FUN_005fb24c	103
005fb5d4	TForm38_FormCreate	749
005fb8d0	TForm38_Timer3Timer	205
005fb9ac	TForm38_Timer5Timer	116
005fba2c	TForm38_Timer1Timer	416
005fbbdc	FUN_005fbbdc	899
005fbf8c	TForm38_Timer2Timer	471
005fc170	TForm38_Timer4Timer	205
005fc24c	TForm38_FormClose	46
005fc27c	TForm38_FormKeyDown	32
005fc2a0	TForm38_FormPaint	89
005fc620	TForm37_FormCreate	84
005fc9a4	TForm37_XiButton2Click	378
005fcb38	TForm37_bt1Click	376
005fcccc	TForm37_btpClick	1181
005fd184	TForm37_FormKeyDown	32
005fd1a8	TForm37_FormPaint	89
005fd498	TForm54_FormShow	65
005fd4dc	TForm54_FormPaint	89
005fd54c	TForm54_FormKeyDown	12
005fd558	TForm54_FormCreate	778
005fd8d8	TForm54_FormClose	38
005fd900	TForm54_Timer1Timer	97
005fd96c	TForm54_Timer2Timer	749
005fdc98	FUN_005fdc98	37
005fdfe4	TForm34_FormShow	65
005fe028	TForm34_FormPaint	89
005fe098	TForm34_FormClose	38
005fe0c0	TForm34_FormKeyDown	12
005fe0cc	TForm34_FormCreate	1939
005fe940	TForm34_Timer2Timer	818
005fed90	TForm34_Timer1Timer	200
005fef00	TForm34_bt1Click	765
005ff2cc	TForm34_gridview1SelectCell	42
005ff620	TForm53_FormShow	65
005ff664	TForm53_FormPaint	89
005ff6d4	TForm53_FormCreate	2922
0060035c	TForm53_ListView1SelectItem	7
00600364	TForm53_FormKeyDown	12
00600370	TForm53_bt1Click	227
00600494	TForm53_gridview1SelectCell	42
00600b44	TForm88_ImagecamisaMouseDown	154
00600be0	TForm88_Image1DragDrop	696
00600ee4	TForm88_Image1DragOver	89
00600f40	TForm88_FormClose	132
00600ff0	TForm88_ImagecamisaStartDrag	179
006010a4	TForm88_ImagecamisaDragOver	49
006010d8	TForm88_ImagecamisaEndDrag	20
006010ec	TForm88_ImagecamisaDragDrop	3478
00601f00	TForm88_labnumeroMouseDown	154
00601f9c	TForm88_FormCreate	6117
00603bb4	TForm88_stats	1723
00604468	FUN_00604468	3757
006053e0	FUN_006053e0	580
00605634	FUN_00605634	1725
00605e40	FUN_00605e40	2279
00606968	TForm88_bt_irprojogoClick	11
00606974	TForm88_FormPaint	89
006069e4	TForm88_nometime2Click	223
00606ac4	TForm88_nometime1Click	223
00606ba4	TForm88_Image4Click	12
00606bb0	TForm88_Button1Click	36
00606bd4	TForm88_comboejChange	47
00606c04	TForm88_combomarcChange	47
00606c34	TForm88_combo_cataqChange	47
00606c64	TForm88_FormKeyDown	67
006071c4	FUN_006071c4	34
006071e8	FUN_006071e8	124
00607264	FUN_00607264	777
00607570	FUN_00607570	476
0060774c	FUN_0060774c	161
006077f0	FUN_006077f0	15
00607800	FUN_00607800	15
00607810	FUN_00607810	15
00607820	FUN_00607820	52
00607854	FUN_00607854	81
006078a8	FUN_006078a8	11
006078b4	FUN_006078b4	97
00607918	FUN_00607918	97
0060797c	FUN_0060797c	265
00607a88	FUN_00607a88	55
00607ac0	FUN_00607ac0	77
00607b10	FUN_00607b10	400
00607ca0	FUN_00607ca0	381
00607e20	FUN_00607e20	1176
006082b8	FUN_006082b8	674
0060855c	FUN_0060855c	528
0060876c	FUN_0060876c	692
00608a20	FUN_00608a20	898
00608da4	FUN_00608da4	3170
00609b64	FUN_00609b64	98
00609bc8	FUN_00609bc8	1949
0060a38c	FUN_0060a38c	120
0060a404	FUN_0060a404	599
0060a6bc	FUN_0060a6bc	368
0060a82c	FUN_0060a82c	2412
0060c820	FUN_0060c820	60
0060c85c	FUN_0060c85c	737
0060cb40	FUN_0060cb40	226
0060cc6c	FUN_0060cc6c	200
0060cd60	FUN_0060cd60	568
0060cfa8	FUN_0060cfa8	1446
0060ee88	FUN_0060ee88	102
0060ef04	FUN_0060ef04	1
0060ef08	TForm46_FormClose	20
0060ef1c	TForm46_FormKeyDown	432
0060f0d0	FUN_0060f0d0	4622
006104c0	FUN_006104c0	681
0061078c	FUN_0061078c	202
0061086c	FUN_0061086c	318
006109ac	FUN_006109ac	395
00610b38	FUN_00610b38	5949
00612a00	FUN_00612a00	5694
006140fc	FUN_006140fc	1996
006148f4	FUN_006148f4	1313
00614e38	FUN_00614e38	2336
006158e0	FUN_006158e0	1809
00616014	FUN_00616014	1159
00616628	FUN_00616628	1460
00616cc0	FUN_00616cc0	1696
0061737c	FUN_0061737c	1455
0061794c	FUN_0061794c	1189
00617e08	FUN_00617e08	1265
00618310	FUN_00618310	530
00618554	FUN_00618554	1213
00618ac8	FUN_00618ac8	517
00618d28	FUN_00618d28	153
00618dc4	FUN_00618dc4	1427
0061938c	FUN_0061938c	2619
00619e54	FUN_00619e54	2715
0061a918	FUN_0061a918	514
0061ab2c	TForm46_TimerlTimer	1
0061ab38	FUN_0061ab38	349
0061ac98	FUN_0061ac98	205
0061ad68	FUN_0061ad68	1679
0061b518	FUN_0061b518	715
0061b828	FUN_0061b828	1827
0061c174	FUN_0061c174	1086
0061c5c0	FUN_0061c5c0	308
0061c6f4	FUN_0061c6f4	320
0061c834	FUN_0061c834	1349
0061cdb4	FUN_0061cdb4	3692
0061dc50	FUN_0061dc50	468
0061de24	FUN_0061de24	161
0061dec8	FUN_0061dec8	281
0061dfe4	FUN_0061dfe4	1189
0061e4fc	FUN_0061e4fc	1589
0061eb40	FUN_0061eb40	638
0061edd0	FUN_0061edd0	306
0061ef04	FUN_0061ef04	157
0061efa4	FUN_0061efa4	1579
0061f604	FUN_0061f604	4250
00620730	FUN_00620730	146
006207c4	FUN_006207c4	146
00620858	FUN_00620858	1801
00620fa4	FUN_00620fa4	1846
006216fc	FUN_006216fc	473
006218d8	FUN_006218d8	473
00621ab4	FUN_00621ab4	473
00621c90	FUN_00621c90	165
00621d38	FUN_00621d38	272
00621e48	FUN_00621e48	125
00621ec8	FUN_00621ec8	6
00621ed0	FUN_00621ed0	14
00621ee0	FUN_00621ee0	476
006220bc	FUN_006220bc	1290
006225c8	FUN_006225c8	1548
00622bd4	FUN_00622bd4	614
00622e48	FUN_00622e48	19
00622e5c	FUN_00622e5c	105
00622ec8	FUN_00622ec8	658
0062318c	FUN_0062318c	146
00623220	FUN_00623220	427
006233cc	FUN_006233cc	77
0062341c	FUN_0062341c	1132
00623898	FUN_00623898	820
00623bf0	FUN_00623bf0	716
00623ee0	FUN_00623ee0	1196
006243c8	FUN_006243c8	953
006247a4	TForm46_Button1Click	37
006247cc	FUN_006247cc	547
00624a5c	TForm46_labeleClick	57
00624a98	TForm46_Button3Click	1
00624a9c	TForm46_FormPaint	19
00624b0c	TForm46_labvn3Click	57
00624b48	TForm46_FormCreate	216
00624c40	TForm46_FormShow	6
00625010	TForm12_FormClose	4
00625014	TForm12_FormKeyDown	32
00625098	FUN_00625098	1899
0062584c	FUN_0062584c	956
00625d04	FUN_00625d04	1567
006266b0	FUN_006266b0	3306
006273f8	FUN_006273f8	60
00627434	FUN_00627434	1171
006278c8	FUN_006278c8	1244
00627dc8	FUN_00627dc8	1087
00628210	FUN_00628210	511
00628410	FUN_00628410	182
006284c8	FUN_006284c8	679
00628778	FUN_00628778	3784
00629644	TForm12_Timer1Timer	77
00629694	TForm12_FormPaint	89
00629704	TForm12_FormCreate	207
006297e0	FUN_006297e0	119
00629c94	FUN_00629c94	1956
0062a4b0	FUN_0062a4b0	104
0062a518	TForm11_FormCreate	1570
0062ab84	TForm11_Edit1Change	101
0062abf4	FUN_0062abf4	3455
0062b984	TForm11_button1Click	877
0062bd18	TForm11_FormKeyDown	32
0062bd3c	TForm11_combo2Change	59
0062bd78	TForm11_Button2Click	189
0062be38	TForm11_FormPaint	89
0062bea8	TForm11_l1Click	164
0062bf5c	TForm11_labvn2Click	30
0062bf7c	TForm11_labvn3Click	30
0062bf9c	TForm11_labvn4Click	30
0062c380	TForm39_FormCreate	442
0062c548	TForm39_FormShow	46
0062c578	TForm39_FormPaint	89
0062c5e8	TForm39_list1CellClick	563
0062c83c	TForm39_XiButton1Click	35
0062c860	TForm39_FormClose	4
0062c884	TForm39_bt1Click	684
0062ce74	TForm92_Image1MouseDown	17
0062ce88	TForm92_FormClose	4
0062ce8c	TForm92_FormPaint	106
0062cf0c	TForm92_FormCreate	50
0062cf40	FUN_0062cf40	988
0062d38c	TForm92_gridview1CellClick	267
0062d4b8	TForm92_Button1Click	1122
0062d994	TForm92_Button2Click	11
0062d9a0	TForm92_grClick	151
0062da70	TForm92_Button3Click	105
0062de94	TForm93_Image2Click	11
0062dea0	TForm93_FormClose	4
0062dea4	TForm93_FormPaint	106
0062df24	TForm93_FormCreate	560
0062e160	TForm93_ck_verjlibClick	86
0062e1f0	TForm93_ck_verjligClick	86
0062e280	TForm93_ck_verjafrClick	86
0062e310	TForm93_ck_verjasiClick	86
0062e3a0	TForm93_ck_dt1Click	86
0062e42c	TForm93_ck_grlClick	79
0062e4b0	TForm93_ck_greClick	79
0062f324	TForm9_FormCreate	3679
00630424	TForm9_FormClose	4
00630428	FUN_00630428	12
006305e0	FUN_006305e0	113
00630654	FUN_00630654	363
006307d4	FUN_006307d4	98
00630838	TForm9_XiButton2Click	738
00630b80	TForm9_combo1Change	320
00630da0	TForm9_FormPaint	89
00630e10	TForm9_FormKeyDown	32
00630e34	TForm9_ComboBox2Select	32
00630e54	TForm9_rd2Click	148
00630ee8	TForm9_rd1Click	157
00630f88	TForm9_ckinter1Click	90
0063101c	TForm9_list1CellClick	237
0063112c	TForm9_ckinter2Click	62
006311a4	TForm9_XiButton3Click	144
00631244	TForm9_Image2Click	40
0063126c	TForm9_Image3Click	40
00631294	TForm9_ComboBox1Change	81
0063130c	TForm9_ckeurocopaClick	62
00631380	TForm9_ckcopaamericaClick	62
006313f4	TForm9_ckestadualClick	62
00631468	TForm9_ckcopamundoClick	62
006314dc	TForm9_ckcopaClick	62
00631550	TForm9_list1HeaderClick	76
00631634	FUN_00631634	766
00631974	FUN_00631974	591
00631bc4	FUN_00631bc4	148
00631c58	FUN_00631c58	1610
006322a4	FUN_006322a4	2410
00632c10	FUN_00632c10	1162
0063309c	FUN_0063309c	1162
00633528	FUN_00633528	559
00633780	FUN_00633780	384
00633910	FUN_00633910	2247
006341d8	FUN_006341d8	701
00634498	FUN_00634498	1268
00635ccc	FUN_00635ccc	20
00635ce0	TForm13_barraMouseMove	640
00635fb0	FUN_00635fb0	171
00636064	FUN_00636064	1
00636068	FUN_00636068	470
00636254	FUN_00636254	425
00636400	FUN_00636400	769
006367a8	FUN_006367a8	268
00636910	FUN_00636910	3092
006376c0	FUN_006376c0	2062
006380e8	FUN_006380e8	5417
006397d0	FUN_006397d0	25
006397ec	FUN_006397ec	3833
0063a7e4	FUN_0063a7e4	1307
0063ad9c	FUN_0063ad9c	852
0063b100	FUN_0063b100	684
0063b408	FUN_0063b408	561
0063b658	FUN_0063b658	169
0063b704	FUN_0063b704	51
0063b738	FUN_0063b738	51
0063b76c	FUN_0063b76c	427
0063b918	FUN_0063b918	3755
0063c884	TForm13_FormCreate	3960
0063d8fc	TForm13_gridview1CellClick	31
0063d928	TForm13_gridview1CellColoring	333
0063da98	TForm13_gridview1CellFormating	2011
0063e2f0	FUN_0063e2f0	1158
0063e794	TForm13_gridview1SelectCell	124
0063e820	TForm13_gridview3CellFormating	97
0063e888	TForm13_gridview2CellColoring	36
0063e8ac	TForm13_gridview2CellFormating	97
0063e914	TForm13_combtatClick	17
0063e928	TForm13_comboejClick	1
0063e92c	TForm13_combo_cataqClick	1
0063e930	TForm13_combomarcClick	1
0063e934	TForm13_barraMouseDown	789
0063ec68	TForm13_FormKeyDown	609
0063eed4	TForm13_SalvarClick	36
0063eef8	TForm13_opcoesClick	51
0063ef2c	TForm13_Sedemitir1Click	144
0063efbc	TForm13_Label49Click	86
0063f014	TForm13_Sairdojogo1Click	13
0063f024	TForm13_Sobreojogo1Click	40
0063f04c	TForm13_Finanas1Click	40
0063f074	TForm13_Image9Click	40
0063f09c	TForm13_Emprstimobancrio1Click	40
0063f0c4	TForm13_MenuItem3Click	75
0063f110	TForm13_RansfernciasJogadores1Click	51
0063f144	TForm13_ltimascontrataesdetcnicos1Click	51
0063f178	TForm13_Histricocompletodejogos1Click	63
0063f1b8	TForm13_Label6Click	75
0063f204	TForm13_Rankingdeclubes1Click	124
0063f28c	TForm13_Alterarsalrio1Click	6
0063f294	FUN_0063f294	40
0063f2bc	TForm13_Button1Click	1
0063f2c0	TForm13_Venderjogador1Click	225
0063f3e8	TForm13_Button4Click	857
0063f77c	TForm13_btvenderClick	199
0063f87c	TForm13_btalterasalClick	6
0063f884	TForm13_btaposentaClick	205
0063f96c	TForm13_Aposentarjogador1Click	205
0063fa54	TForm13_PopupMenu1Popup	1032
0063fe78	TForm13_mn_seutimeClick	56
0063feb0	TForm13_btjogaClick	106
0063ff1c	FUN_0063ff1c	557
0064016c	FUN_0064016c	842
006404c8	FUN_006404c8	244
006405bc	FUN_006405bc	868
00640920	FUN_00640920	347
00640a7c	FUN_00640a7c	135
00640b04	FUN_00640b04	154
00640ba0	TForm13_MenuItem7Click	100
00640c10	TForm13_mn_libClick	75
00640c5c	TForm13_mn_sulClick	75
00640ca8	TForm13_mn_copaClick	105
00640d14	TForm13_Label323Click	40
00640d3c	TForm13_Label20Click	67
00640d80	TForm13_JogosAmistosos1Click	40
00640da8	TForm13_PopupMenu7Popup	119
00640e20	TForm13_Escolhernmero1Click	205
00640f08	TForm13_HistricoJogos1Click	208
00640ff4	TForm13_gridview1DblClick	226
006410f0	TForm13_PopupMenu3Popup	68
00641134	TForm13_Label24Click	48
00641164	TForm13_MenuItem5Click	40
0064118c	TForm13_FormClose	4
00641190	TForm13_Timer1Timer	41
006411bc	TForm13_gridview1HeaderClick	297
00641340	TForm13_CancelarEmprstimo1Click	289
006414ac	TForm13_Comprarjogador1Click	269
00641600	TForm13_Label53Click	56
00641638	TForm13_Disponibilizarparaemprstimo1Click	218
0064172c	TForm13_Retirardoemprstimo1Click	181
006417fc	TForm13_Label51Click	40
00641824	TForm13_AdvSmoothToggleButton1Click	37
0064184c	TForm13_btjogarClick	142
006418dc	TForm13_lb_infonextClick	57
00641918	TForm13_Image13Click	123
00641994	TForm13_lb_conf3MouseMove	7
0064199c	TForm13_lb_conf3MouseLeave	1
006419a0	TForm13_lb_tecClick	80
006419f0	TForm13_Image4Click	166
00641aa4	TForm13_Label23Click	150
00641bbc	TForm13_FormShow	31
00641bdc	TForm13_Button2Click	33
00641c14	TForm13_abelaSulAmericana1Click	105
00641c80	TForm13_mn_timerodadaClick	49
00641cb4	TForm13_mn_timedoanoClick	51
00641ce8	TForm13_mn_boladeouroClick	40
00641d10	TForm13_PopupMenu4Popup	102
00641d78	TForm13_mundiaisClick	40
00641da0	TForm13_Button3Click	1
00641da4	TForm13_Button5Click	1
00641da8	TForm13_Button6Click	1
00641dac	TForm13_Button7Click	1
00641db0	TForm13_Campees1Click	124
00641e38	TForm13_Artilheiros1Click	124
006421a8	TForm31_FormCreate	829
00642510	TForm31_XiButton2Click	11
0064251c	TForm31_FormShow	65
00642560	TForm31_FormPaint	89
006425d0	TForm31_FormClose	4
006425d4	TForm31_FormKeyDown	74
006426dc	FUN_006426dc	204
006427a8	FUN_006427a8	258
006428ac	FUN_006428ac	926
00642c50	FUN_00642c50	28
00642c6c	FUN_00642c6c	2180
0064354c	FUN_0064354c	244
0064365c	FUN_0064365c	94
00643740	FUN_00643740	97
00643810	FUN_00643810	558
00643a40	FUN_00643a40	3284
00645280	FUN_00645280	102
006452e8	FUN_006452e8	8
006452f0	FUN_006452f0	143
00645380	FUN_00645380	134
00645408	FUN_00645408	67
0064544c	FUN_0064544c	90
006454a8	FUN_006454a8	95
00645508	FUN_00645508	467
00645714	FUN_00645714	388
006458c8	FUN_006458c8	811
00645c68	FUN_00645c68	811
00646008	FUN_00646008	143
006460a4	FUN_006460a4	342
006462ac	FUN_006462ac	478
006464c4	FUN_006464c4	478
006466dc	FUN_006466dc	478
006468f4	FUN_006468f4	137
006469c4	FUN_006469c4	58
00646a00	FUN_00646a00	55
00646a38	FUN_00646a38	536
00646c50	FUN_00646c50	167
00646d18	FUN_00646d18	658
00646fc0	FUN_00646fc0	1728
006476b4	FUN_006476b4	301
00647830	FUN_00647830	848
00647b80	FUN_00647b80	200
00647c48	FUN_00647c48	82
00647c9c	FUN_00647c9c	77
00647cec	FUN_00647cec	325
00647e90	FUN_00647e90	247
00647f98	FUN_00647f98	2568
00648a20	FUN_00648a20	351
00648c98	FUN_00648c98	418
00648ea0	FUN_00648ea0	259
00648fa4	FUN_00648fa4	99
0064901c	FUN_0064901c	123
00649098	FUN_00649098	15
006490a8	FUN_006490a8	144
00649138	FUN_00649138	935
006494f8	FUN_006494f8	631
006497c8	FUN_006497c8	92
00649824	FUN_00649824	686
00649ad4	FUN_00649ad4	59
00649b10	FUN_00649b10	1033
0064a178	FUN_0064a178	184
0064a260	FUN_0064a260	30
0064a280	FUN_0064a280	1137
0064a6f4	FUN_0064a6f4	182
0064a800	FUN_0064a800	182
0064a924	FUN_0064a924	139
0064a9b0	FUN_0064a9b0	66
0064a9f4	FUN_0064a9f4	43
0064aa20	FUN_0064aa20	1044
0064af08	FUN_0064af08	3758
0064be7c	FUN_0064be7c	694
0064c27c	FUN_0064c27c	239
0064c36c	FUN_0064c36c	334
0064c4bc	FUN_0064c4bc	205
0064c58c	FUN_0064c58c	175
0064c63c	FUN_0064c63c	1186
0064cae0	FUN_0064cae0	271
0064cbf0	FUN_0064cbf0	2385
0064d5d4	FUN_0064d5d4	34
0064d5f8	FUN_0064d5f8	34
0064d61c	FUN_0064d61c	29
0064d63c	FUN_0064d63c	7
0064d644	FUN_0064d644	426
0064d7f0	FUN_0064d7f0	141
0064d890	FUN_0064d890	179
0064d944	FUN_0064d944	3
0064d948	FUN_0064d948	596
0064dbc4	FUN_0064dbc4	743
0064dec0	FUN_0064dec0	34
0064dee4	FUN_0064dee4	237
0064dfd4	FUN_0064dfd4	1714
0064e694	FUN_0064e694	188
0064e750	FUN_0064e750	209
0064e824	FUN_0064e824	2611
0064f2d0	FUN_0064f2d0	1471
0064fbb8	FUN_0064fbb8	330
0064fd04	FUN_0064fd04	41
0064fd30	FUN_0064fd30	41
0064fd5c	FUN_0064fd5c	40
0064fd84	FUN_0064fd84	107
0064fdf0	FUN_0064fdf0	305
0064ff24	FUN_0064ff24	181
0064ffdc	FUN_0064ffdc	232
006500c8	FUN_006500c8	102
00650130	FUN_00650130	81
00650184	FUN_00650184	71
006501cc	FUN_006501cc	75
00650218	FUN_00650218	790
00650548	FUN_00650548	2349
00650ec4	FUN_00650ec4	1498
006514e8	FUN_006514e8	130
0065156c	FUN_0065156c	445
0065173c	FUN_0065173c	316
0065188c	FUN_0065188c	1480
00651e70	FUN_00651e70	70
00651ebc	FUN_00651ebc	137
00651f8c	FUN_00651f8c	19
00651fa0	FUN_00651fa0	186
0065208c	FUN_0065208c	67
006520d0	FUN_006520d0	99
00652134	FUN_00652134	1049
00652590	FUN_00652590	471
006527b0	FUN_006527b0	65
006527f4	FUN_006527f4	113
00652868	FUN_00652868	131
00652900	FUN_00652900	129
00652988	FUN_00652988	302
00652ab8	FUN_00652ab8	264
00652be0	FUN_00652be0	967
00652fb8	FUN_00652fb8	161
0065305c	FUN_0065305c	21
00653074	FUN_00653074	212
00653148	FUN_00653148	155
00653218	FUN_00653218	79
00653268	FUN_00653268	1551
0065387c	FUN_0065387c	59
006538b8	FUN_006538b8	231
006539b4	FUN_006539b4	137
00653a40	FUN_00653a40	3460
006547c4	FUN_006547c4	125
00654844	FUN_00654844	127
006548c4	FUN_006548c4	1145
00654d40	FUN_00654d40	32
00654d60	FUN_00654d60	1418
006552ec	FUN_006552ec	1032
006556f4	FUN_006556f4	1950
00655ebc	FUN_00655ebc	89
00656098	FUN_00656098	122
0065612c	FUN_0065612c	379
006562b8	FUN_006562b8	227
0065639c	FUN_0065639c	65
006563e0	FUN_006563e0	46
00656410	FUN_00656410	1056
00656830	FUN_00656830	89
0065688c	FUN_0065688c	104
006568f4	FUN_006568f4	154
00656990	FUN_00656990	136
00656a18	FUN_00656a18	163
00656abc	FUN_00656abc	348
00656cac	FUN_00656cac	85
00656d04	FUN_00656d04	62
00656d44	FUN_00656d44	41
00656d70	FUN_00656d70	86
00656dc8	FUN_00656dc8	486
00656fb0	FUN_00656fb0	190
00657070	FUN_00657070	343
006571c8	FUN_006571c8	404
0065735c	FUN_0065735c	20
00657370	FUN_00657370	150
00657408	FUN_00657408	100
0065746c	FUN_0065746c	85
006574c4	FUN_006574c4	116
00657538	FUN_00657538	116
006575ac	FUN_006575ac	85
00657604	FUN_00657604	112
00657674	FUN_00657674	750
00657978	FUN_00657978	335
00657ac8	FUN_00657ac8	160
00657b68	FUN_00657b68	2776
0065867c	FUN_0065867c	538
006588a4	FUN_006588a4	1036
00658cbc	FUN_00658cbc	661
00658f74	FUN_00658f74	1436
006596f8	FUN_006596f8	1667
0065a14c	FUN_0065a14c	113
0065a1c0	FUN_0065a1c0	144
0065a250	FUN_0065a250	108
0065a2bc	FUN_0065a2bc	4437
0065b414	FUN_0065b414	107
0065b4bc	FUN_0065b4bc	616
0065b724	FUN_0065b724	541
0065bdec	FUN_0065bdec	364
0065bf58	FUN_0065bf58	316
0065c0b8	TForm1_FormCreate	4304
0065d968	FUN_0065d968	1844
0065e48c	FUN_0065e48c	1
0065e490	TForm1_FormClose	4
0065e494	TForm1_FormKeyDown	7
0065e49c	TForm1_FormShow	65
0065e4e0	TForm1_Button1Click	1
0065e4e4	TForm1_Label7Click	40
0065e50c	TForm1_Image2MouseDown	301
0065e700	TForm1_Image2MouseMove	313
0065e83c	TForm1_HTMLabel1MouseMove	97
0065e8c8	TForm1_HTMLabel1MouseLeave	111
0065e9e8	TForm1_HTMLabel1Click	273
0065eb1c	TForm1_FormActivate	69
0065eb64	FUN_0065eb64	329
0065ecbc	FUN_0065ecbc	355
0065ee30	TForm1_comboi2Change	198
0065ef4c	FUN_0065ef4c	5898
006607dc	TForm1_Shape1MouseDown	109
0066086c	TForm1_Shape2MouseDown	46
0066089c	TForm1_Shape3MouseDown	46
006608cc	TForm1_Shape4MouseDown	55
00660904	TForm1_TntLabel1Click	11
00660910	FUN_00660910	87
00661228	entry	133
